site,country,longitude,latitude,species,count,family,genus,binomial,endemism,cultivated,plant_height,seed_mass,sla,wood_density
26351755,Portugal,2635000,1755000,JPHO,1,Cupressaceae,Juniperus,Juniperus phoenicea,0,0,4.8815,79.86,4.365245967,0.64875
26351755,Portugal,2635000,1755000,PPIR,1,Pinaceae,Pinus,Pinus pinaster,0,0,19.7538425,55.8343384615385,3.35753899415492,0.44302767997764
26351765,Portugal,2635000,1765000,JPHO,1,Cupressaceae,Juniperus,Juniperus phoenicea,0,0,4.8815,79.86,4.365245967,0.64875
26351955,Portugal,2635000,1955000,JPHO,1,Cupressaceae,Juniperus,Juniperus phoenicea,0,0,4.8815,79.86,4.365245967,0.64875
26351955,Portugal,2635000,1955000,PPIR,1,Pinaceae,Pinus,Pinus pinaster,0,0,19.7538425,55.8343384615385,3.35753899415492,0.44302767997764
26351965,Portugal,2635000,1965000,JPHO,1,Cupressaceae,Juniperus,Juniperus phoenicea,0,0,4.8815,79.86,4.365245967,0.64875
26351965,Portugal,2635000,1965000,PPIA,1,Pinaceae,Pinus,Pinus pinea,0,1,22.67,626.188823529412,4.21617610101935,0.517861700163796
26451755,Portugal,2645000,1755000,JPHO,1,Cupressaceae,Juniperus,Juniperus phoenicea,0,0,4.8815,79.86,4.365245967,0.64875
26451765,Portugal,2645000,1765000,JPHO,1,Cupressaceae,Juniperus,Juniperus phoenicea,0,0,4.8815,79.86,4.365245967,0.64875
26451765,Portugal,2645000,1765000,PPIA,1,Pinaceae,Pinus,Pinus pinea,0,1,22.67,626.188823529412,4.21617610101935,0.517861700163796
26451765,Portugal,2645000,1765000,PPIR,1,Pinaceae,Pinus,Pinus pinaster,0,0,19.7538425,55.8343384615385,3.35753899415492,0.44302767997764
26451775,Portugal,2645000,1775000,JPHO,1,Cupressaceae,Juniperus,Juniperus phoenicea,0,0,4.8815,79.86,4.365245967,0.64875
26451775,Portugal,2645000,1775000,PPIA,1,Pinaceae,Pinus,Pinus pinea,0,1,22.67,626.188823529412,4.21617610101935,0.517861700163796
26451955,Portugal,2645000,1955000,JPHO,1,Cupressaceae,Juniperus,Juniperus phoenicea,0,0,4.8815,79.86,4.365245967,0.64875
26451955,Portugal,2645000,1955000,PPIR,1,Pinaceae,Pinus,Pinus pinaster,0,0,19.7538425,55.8343384615385,3.35753899415492,0.44302767997764
26451965,Portugal,2645000,1965000,JPHO,1,Cupressaceae,Juniperus,Juniperus phoenicea,0,0,4.8815,79.86,4.365245967,0.64875
26451965,Portugal,2645000,1965000,PPIA,1,Pinaceae,Pinus,Pinus pinea,0,1,22.67,626.188823529412,4.21617610101935,0.517861700163796
26451965,Portugal,2645000,1965000,PPIR,1,Pinaceae,Pinus,Pinus pinaster,0,0,19.7538425,55.8343384615385,3.35753899415492,0.44302767997764
26451975,Portugal,2645000,1975000,JPHO,1,Cupressaceae,Juniperus,Juniperus phoenicea,0,0,4.8815,79.86,4.365245967,0.64875
26451975,Portugal,2645000,1975000,PPIA,1,Pinaceae,Pinus,Pinus pinea,0,1,22.67,626.188823529412,4.21617610101935,0.517861700163796
26451975,Portugal,2645000,1975000,PPIR,1,Pinaceae,Pinus,Pinus pinaster,0,0,19.7538425,55.8343384615385,3.35753899415492,0.44302767997764
26451985,Portugal,2645000,1985000,JPHO,1,Cupressaceae,Juniperus,Juniperus phoenicea,0,0,4.8815,79.86,4.365245967,0.64875
26451985,Portugal,2645000,1985000,PPIA,1,Pinaceae,Pinus,Pinus pinea,0,1,22.67,626.188823529412,4.21617610101935,0.517861700163796
26451985,Portugal,2645000,1985000,PPIR,1,Pinaceae,Pinus,Pinus pinaster,0,0,19.7538425,55.8343384615385,3.35753899415492,0.44302767997764
26551765,Portugal,2655000,1765000,JPHO,1,Cupressaceae,Juniperus,Juniperus phoenicea,0,0,4.8815,79.86,4.365245967,0.64875
26551765,Portugal,2655000,1765000,PPIA,1,Pinaceae,Pinus,Pinus pinea,0,1,22.67,626.188823529412,4.21617610101935,0.517861700163796
26551765,Portugal,2655000,1765000,PPIR,1,Pinaceae,Pinus,Pinus pinaster,0,0,19.7538425,55.8343384615385,3.35753899415492,0.44302767997764
26551775,Portugal,2655000,1775000,JPHO,1,Cupressaceae,Juniperus,Juniperus phoenicea,0,0,4.8815,79.86,4.365245967,0.64875
26551775,Portugal,2655000,1775000,PPIA,1,Pinaceae,Pinus,Pinus pinea,0,1,22.67,626.188823529412,4.21617610101935,0.517861700163796
26551775,Portugal,2655000,1775000,PPIR,1,Pinaceae,Pinus,Pinus pinaster,0,0,19.7538425,55.8343384615385,3.35753899415492,0.44302767997764
26551785,Portugal,2655000,1785000,JPHO,1,Cupressaceae,Juniperus,Juniperus phoenicea,0,0,4.8815,79.86,4.365245967,0.64875
26551785,Portugal,2655000,1785000,PPIR,1,Pinaceae,Pinus,Pinus pinaster,0,0,19.7538425,55.8343384615385,3.35753899415492,0.44302767997764
26551795,Portugal,2655000,1795000,JPHO,1,Cupressaceae,Juniperus,Juniperus phoenicea,0,0,4.8815,79.86,4.365245967,0.64875
26551795,Portugal,2655000,1795000,PPIR,1,Pinaceae,Pinus,Pinus pinaster,0,0,19.7538425,55.8343384615385,3.35753899415492,0.44302767997764
26551915,Portugal,2655000,1915000,JPHO,1,Cupressaceae,Juniperus,Juniperus phoenicea,0,0,4.8815,79.86,4.365245967,0.64875
26551915,Portugal,2655000,1915000,PPIA,1,Pinaceae,Pinus,Pinus pinea,0,1,22.67,626.188823529412,4.21617610101935,0.517861700163796
26551915,Portugal,2655000,1915000,PPIR,1,Pinaceae,Pinus,Pinus pinaster,0,0,19.7538425,55.8343384615385,3.35753899415492,0.44302767997764
26551925,Portugal,2655000,1925000,JPHO,1,Cupressaceae,Juniperus,Juniperus phoenicea,0,0,4.8815,79.86,4.365245967,0.64875
26551925,Portugal,2655000,1925000,PPIA,1,Pinaceae,Pinus,Pinus pinea,0,1,22.67,626.188823529412,4.21617610101935,0.517861700163796
26551925,Portugal,2655000,1925000,PPIR,1,Pinaceae,Pinus,Pinus pinaster,0,0,19.7538425,55.8343384615385,3.35753899415492,0.44302767997764
26551935,Portugal,2655000,1935000,JPHO,1,Cupressaceae,Juniperus,Juniperus phoenicea,0,0,4.8815,79.86,4.365245967,0.64875
26551935,Portugal,2655000,1935000,PPIA,1,Pinaceae,Pinus,Pinus pinea,0,1,22.67,626.188823529412,4.21617610101935,0.517861700163796
26551935,Portugal,2655000,1935000,PPIR,1,Pinaceae,Pinus,Pinus pinaster,0,0,19.7538425,55.8343384615385,3.35753899415492,0.44302767997764
26551945,Portugal,2655000,1945000,JPHO,1,Cupressaceae,Juniperus,Juniperus phoenicea,0,0,4.8815,79.86,4.365245967,0.64875
26551945,Portugal,2655000,1945000,PPIA,1,Pinaceae,Pinus,Pinus pinea,0,1,22.67,626.188823529412,4.21617610101935,0.517861700163796
26551965,Portugal,2655000,1965000,PPIA,1,Pinaceae,Pinus,Pinus pinea,0,1,22.67,626.188823529412,4.21617610101935,0.517861700163796
26551965,Portugal,2655000,1965000,PPIR,1,Pinaceae,Pinus,Pinus pinaster,0,0,19.7538425,55.8343384615385,3.35753899415492,0.44302767997764
26551995,Portugal,2655000,1995000,JPHO,1,Cupressaceae,Juniperus,Juniperus phoenicea,0,0,4.8815,79.86,4.365245967,0.64875
26552005,Portugal,2655000,2005000,JPHO,1,Cupressaceae,Juniperus,Juniperus phoenicea,0,0,4.8815,79.86,4.365245967,0.64875
26552005,Portugal,2655000,2005000,PPIR,1,Pinaceae,Pinus,Pinus pinaster,0,0,19.7538425,55.8343384615385,3.35753899415492,0.44302767997764
26552015,Portugal,2655000,2015000,JPHO,1,Cupressaceae,Juniperus,Juniperus phoenicea,0,0,4.8815,79.86,4.365245967,0.64875
26651765,Portugal,2665000,1765000,JPHO,1,Cupressaceae,Juniperus,Juniperus phoenicea,0,0,4.8815,79.86,4.365245967,0.64875
26651775,Portugal,2665000,1775000,JPHO,1,Cupressaceae,Juniperus,Juniperus phoenicea,0,0,4.8815,79.86,4.365245967,0.64875
26651785,Portugal,2665000,1785000,PPIR,1,Pinaceae,Pinus,Pinus pinaster,0,0,19.7538425,55.8343384615385,3.35753899415492,0.44302767997764
26651795,Portugal,2665000,1795000,JPHO,1,Cupressaceae,Juniperus,Juniperus phoenicea,0,0,4.8815,79.86,4.365245967,0.64875
26651795,Portugal,2665000,1795000,PPIA,1,Pinaceae,Pinus,Pinus pinea,0,1,22.67,626.188823529412,4.21617610101935,0.517861700163796
26651795,Portugal,2665000,1795000,PPIR,1,Pinaceae,Pinus,Pinus pinaster,0,0,19.7538425,55.8343384615385,3.35753899415492,0.44302767997764
26651805,Portugal,2665000,1805000,JNAV,1,Cupressaceae,Juniperus,Juniperus navicularis,1,0,1.36775,45.63,3.89,NA
26651805,Portugal,2665000,1805000,JPHO,1,Cupressaceae,Juniperus,Juniperus phoenicea,0,0,4.8815,79.86,4.365245967,0.64875
26651815,Portugal,2665000,1815000,JPHO,1,Cupressaceae,Juniperus,Juniperus phoenicea,0,0,4.8815,79.86,4.365245967,0.64875
26651825,Portugal,2665000,1825000,JPHO,1,Cupressaceae,Juniperus,Juniperus phoenicea,0,0,4.8815,79.86,4.365245967,0.64875
26651825,Portugal,2665000,1825000,PPIR,1,Pinaceae,Pinus,Pinus pinaster,0,0,19.7538425,55.8343384615385,3.35753899415492,0.44302767997764
26651855,Portugal,2665000,1855000,JPHO,1,Cupressaceae,Juniperus,Juniperus phoenicea,0,0,4.8815,79.86,4.365245967,0.64875
26651915,Portugal,2665000,1915000,JPHO,1,Cupressaceae,Juniperus,Juniperus phoenicea,0,0,4.8815,79.86,4.365245967,0.64875
26651915,Portugal,2665000,1915000,PPIA,1,Pinaceae,Pinus,Pinus pinea,0,1,22.67,626.188823529412,4.21617610101935,0.517861700163796
26651915,Portugal,2665000,1915000,PPIR,1,Pinaceae,Pinus,Pinus pinaster,0,0,19.7538425,55.8343384615385,3.35753899415492,0.44302767997764
26651925,Portugal,2665000,1925000,JNAV,1,Cupressaceae,Juniperus,Juniperus navicularis,1,0,1.36775,45.63,3.89,NA
26651925,Portugal,2665000,1925000,JPHO,1,Cupressaceae,Juniperus,Juniperus phoenicea,0,0,4.8815,79.86,4.365245967,0.64875
26651925,Portugal,2665000,1925000,PPIA,1,Pinaceae,Pinus,Pinus pinea,0,1,22.67,626.188823529412,4.21617610101935,0.517861700163796
26651925,Portugal,2665000,1925000,PPIR,1,Pinaceae,Pinus,Pinus pinaster,0,0,19.7538425,55.8343384615385,3.35753899415492,0.44302767997764
26651935,Portugal,2665000,1935000,JPHO,1,Cupressaceae,Juniperus,Juniperus phoenicea,0,0,4.8815,79.86,4.365245967,0.64875
26651935,Portugal,2665000,1935000,PPIA,1,Pinaceae,Pinus,Pinus pinea,0,1,22.67,626.188823529412,4.21617610101935,0.517861700163796
26651935,Portugal,2665000,1935000,PPIR,1,Pinaceae,Pinus,Pinus pinaster,0,0,19.7538425,55.8343384615385,3.35753899415492,0.44302767997764
26651945,Portugal,2665000,1945000,PPIA,1,Pinaceae,Pinus,Pinus pinea,0,1,22.67,626.188823529412,4.21617610101935,0.517861700163796
26651945,Portugal,2665000,1945000,PPIR,1,Pinaceae,Pinus,Pinus pinaster,0,0,19.7538425,55.8343384615385,3.35753899415492,0.44302767997764
26651965,Portugal,2665000,1965000,PPIR,1,Pinaceae,Pinus,Pinus pinaster,0,0,19.7538425,55.8343384615385,3.35753899415492,0.44302767997764
26651995,Portugal,2665000,1995000,JPHO,1,Cupressaceae,Juniperus,Juniperus phoenicea,0,0,4.8815,79.86,4.365245967,0.64875
26651995,Portugal,2665000,1995000,PPIA,1,Pinaceae,Pinus,Pinus pinea,0,1,22.67,626.188823529412,4.21617610101935,0.517861700163796
26651995,Portugal,2665000,1995000,PPIR,1,Pinaceae,Pinus,Pinus pinaster,0,0,19.7538425,55.8343384615385,3.35753899415492,0.44302767997764
26652015,Portugal,2665000,2015000,JPHO,1,Cupressaceae,Juniperus,Juniperus phoenicea,0,0,4.8815,79.86,4.365245967,0.64875
26652015,Portugal,2665000,2015000,PPIR,1,Pinaceae,Pinus,Pinus pinaster,0,0,19.7538425,55.8343384615385,3.35753899415492,0.44302767997764
26652025,Portugal,2665000,2025000,JPHO,1,Cupressaceae,Juniperus,Juniperus phoenicea,0,0,4.8815,79.86,4.365245967,0.64875
26751765,Portugal,2675000,1765000,JPHO,1,Cupressaceae,Juniperus,Juniperus phoenicea,0,0,4.8815,79.86,4.365245967,0.64875
26751775,Portugal,2675000,1775000,JPHO,1,Cupressaceae,Juniperus,Juniperus phoenicea,0,0,4.8815,79.86,4.365245967,0.64875
26751775,Portugal,2675000,1775000,PPIA,1,Pinaceae,Pinus,Pinus pinea,0,1,22.67,626.188823529412,4.21617610101935,0.517861700163796
26751775,Portugal,2675000,1775000,PPIR,1,Pinaceae,Pinus,Pinus pinaster,0,0,19.7538425,55.8343384615385,3.35753899415492,0.44302767997764
26751785,Portugal,2675000,1785000,PPIA,1,Pinaceae,Pinus,Pinus pinea,0,1,22.67,626.188823529412,4.21617610101935,0.517861700163796
26751805,Portugal,2675000,1805000,PPIR,1,Pinaceae,Pinus,Pinus pinaster,0,0,19.7538425,55.8343384615385,3.35753899415492,0.44302767997764
26751825,Portugal,2675000,1825000,JPHO,1,Cupressaceae,Juniperus,Juniperus phoenicea,0,0,4.8815,79.86,4.365245967,0.64875
26751835,Portugal,2675000,1835000,JPHO,1,Cupressaceae,Juniperus,Juniperus phoenicea,0,0,4.8815,79.86,4.365245967,0.64875
26751835,Portugal,2675000,1835000,PPIA,1,Pinaceae,Pinus,Pinus pinea,0,1,22.67,626.188823529412,4.21617610101935,0.517861700163796
26751855,Portugal,2675000,1855000,JPHO,1,Cupressaceae,Juniperus,Juniperus phoenicea,0,0,4.8815,79.86,4.365245967,0.64875
26751855,Portugal,2675000,1855000,PPIR,1,Pinaceae,Pinus,Pinus pinaster,0,0,19.7538425,55.8343384615385,3.35753899415492,0.44302767997764
26751865,Portugal,2675000,1865000,JPHO,1,Cupressaceae,Juniperus,Juniperus phoenicea,0,0,4.8815,79.86,4.365245967,0.64875
26751865,Portugal,2675000,1865000,PPIA,1,Pinaceae,Pinus,Pinus pinea,0,1,22.67,626.188823529412,4.21617610101935,0.517861700163796
26751865,Portugal,2675000,1865000,PPIR,1,Pinaceae,Pinus,Pinus pinaster,0,0,19.7538425,55.8343384615385,3.35753899415492,0.44302767997764
26751875,Portugal,2675000,1875000,JPHO,1,Cupressaceae,Juniperus,Juniperus phoenicea,0,0,4.8815,79.86,4.365245967,0.64875
26751875,Portugal,2675000,1875000,PPIA,1,Pinaceae,Pinus,Pinus pinea,0,1,22.67,626.188823529412,4.21617610101935,0.517861700163796
26751875,Portugal,2675000,1875000,PPIR,1,Pinaceae,Pinus,Pinus pinaster,0,0,19.7538425,55.8343384615385,3.35753899415492,0.44302767997764
26751915,Portugal,2675000,1915000,JNAV,1,Cupressaceae,Juniperus,Juniperus navicularis,1,0,1.36775,45.63,3.89,NA
26751915,Portugal,2675000,1915000,JPHO,1,Cupressaceae,Juniperus,Juniperus phoenicea,0,0,4.8815,79.86,4.365245967,0.64875
26751915,Portugal,2675000,1915000,PPIA,1,Pinaceae,Pinus,Pinus pinea,0,1,22.67,626.188823529412,4.21617610101935,0.517861700163796
26751915,Portugal,2675000,1915000,PPIR,1,Pinaceae,Pinus,Pinus pinaster,0,0,19.7538425,55.8343384615385,3.35753899415492,0.44302767997764
26751925,Portugal,2675000,1925000,JPHO,1,Cupressaceae,Juniperus,Juniperus phoenicea,0,0,4.8815,79.86,4.365245967,0.64875
26751925,Portugal,2675000,1925000,PPIA,1,Pinaceae,Pinus,Pinus pinea,0,1,22.67,626.188823529412,4.21617610101935,0.517861700163796
26751925,Portugal,2675000,1925000,PPIR,1,Pinaceae,Pinus,Pinus pinaster,0,0,19.7538425,55.8343384615385,3.35753899415492,0.44302767997764
26751935,Portugal,2675000,1935000,JNAV,1,Cupressaceae,Juniperus,Juniperus navicularis,1,0,1.36775,45.63,3.89,NA
26751975,Portugal,2675000,1975000,PPIA,1,Pinaceae,Pinus,Pinus pinea,0,1,22.67,626.188823529412,4.21617610101935,0.517861700163796
26751985,Portugal,2675000,1985000,PPIA,1,Pinaceae,Pinus,Pinus pinea,0,1,22.67,626.188823529412,4.21617610101935,0.517861700163796
26752015,Portugal,2675000,2015000,JPHO,1,Cupressaceae,Juniperus,Juniperus phoenicea,0,0,4.8815,79.86,4.365245967,0.64875
26752015,Portugal,2675000,2015000,PPIA,1,Pinaceae,Pinus,Pinus pinea,0,1,22.67,626.188823529412,4.21617610101935,0.517861700163796
26752015,Portugal,2675000,2015000,PPIR,1,Pinaceae,Pinus,Pinus pinaster,0,0,19.7538425,55.8343384615385,3.35753899415492,0.44302767997764
26752025,Portugal,2675000,2025000,JPHO,1,Cupressaceae,Juniperus,Juniperus phoenicea,0,0,4.8815,79.86,4.365245967,0.64875
26752025,Portugal,2675000,2025000,PPIR,1,Pinaceae,Pinus,Pinus pinaster,0,0,19.7538425,55.8343384615385,3.35753899415492,0.44302767997764
26851755,Portugal,2685000,1755000,JPHO,1,Cupressaceae,Juniperus,Juniperus phoenicea,0,0,4.8815,79.86,4.365245967,0.64875
26851755,Portugal,2685000,1755000,PPIA,1,Pinaceae,Pinus,Pinus pinea,0,1,22.67,626.188823529412,4.21617610101935,0.517861700163796
26851755,Portugal,2685000,1755000,PPIR,1,Pinaceae,Pinus,Pinus pinaster,0,0,19.7538425,55.8343384615385,3.35753899415492,0.44302767997764
26851765,Portugal,2685000,1765000,JPHO,1,Cupressaceae,Juniperus,Juniperus phoenicea,0,0,4.8815,79.86,4.365245967,0.64875
26851775,Portugal,2685000,1775000,JPHO,1,Cupressaceae,Juniperus,Juniperus phoenicea,0,0,4.8815,79.86,4.365245967,0.64875
26851775,Portugal,2685000,1775000,PPIR,1,Pinaceae,Pinus,Pinus pinaster,0,0,19.7538425,55.8343384615385,3.35753899415492,0.44302767997764
26851785,Portugal,2685000,1785000,JPHO,1,Cupressaceae,Juniperus,Juniperus phoenicea,0,0,4.8815,79.86,4.365245967,0.64875
26851785,Portugal,2685000,1785000,PPIR,1,Pinaceae,Pinus,Pinus pinaster,0,0,19.7538425,55.8343384615385,3.35753899415492,0.44302767997764
26851855,Portugal,2685000,1855000,PPIA,1,Pinaceae,Pinus,Pinus pinea,0,1,22.67,626.188823529412,4.21617610101935,0.517861700163796
26851865,Portugal,2685000,1865000,PPIA,1,Pinaceae,Pinus,Pinus pinea,0,1,22.67,626.188823529412,4.21617610101935,0.517861700163796
26851875,Portugal,2685000,1875000,JPHO,1,Cupressaceae,Juniperus,Juniperus phoenicea,0,0,4.8815,79.86,4.365245967,0.64875
26851875,Portugal,2685000,1875000,PPIA,1,Pinaceae,Pinus,Pinus pinea,0,1,22.67,626.188823529412,4.21617610101935,0.517861700163796
26851875,Portugal,2685000,1875000,PPIR,1,Pinaceae,Pinus,Pinus pinaster,0,0,19.7538425,55.8343384615385,3.35753899415492,0.44302767997764
26851895,Portugal,2685000,1895000,JPHO,1,Cupressaceae,Juniperus,Juniperus phoenicea,0,0,4.8815,79.86,4.365245967,0.64875
26851895,Portugal,2685000,1895000,PPIA,1,Pinaceae,Pinus,Pinus pinea,0,1,22.67,626.188823529412,4.21617610101935,0.517861700163796
26851895,Portugal,2685000,1895000,PPIR,1,Pinaceae,Pinus,Pinus pinaster,0,0,19.7538425,55.8343384615385,3.35753899415492,0.44302767997764
26851905,Portugal,2685000,1905000,JPHO,1,Cupressaceae,Juniperus,Juniperus phoenicea,0,0,4.8815,79.86,4.365245967,0.64875
26851905,Portugal,2685000,1905000,PPIA,1,Pinaceae,Pinus,Pinus pinea,0,1,22.67,626.188823529412,4.21617610101935,0.517861700163796
26851905,Portugal,2685000,1905000,PPIR,1,Pinaceae,Pinus,Pinus pinaster,0,0,19.7538425,55.8343384615385,3.35753899415492,0.44302767997764
26851915,Portugal,2685000,1915000,JNAV,1,Cupressaceae,Juniperus,Juniperus navicularis,1,0,1.36775,45.63,3.89,NA
26851915,Portugal,2685000,1915000,PPIA,1,Pinaceae,Pinus,Pinus pinea,0,1,22.67,626.188823529412,4.21617610101935,0.517861700163796
26851915,Portugal,2685000,1915000,PPIR,1,Pinaceae,Pinus,Pinus pinaster,0,0,19.7538425,55.8343384615385,3.35753899415492,0.44302767997764
26851945,Portugal,2685000,1945000,JNAV,1,Cupressaceae,Juniperus,Juniperus navicularis,1,0,1.36775,45.63,3.89,NA
26851955,Portugal,2685000,1955000,PPIR,1,Pinaceae,Pinus,Pinus pinaster,0,0,19.7538425,55.8343384615385,3.35753899415492,0.44302767997764
26851965,Portugal,2685000,1965000,PPIA,1,Pinaceae,Pinus,Pinus pinea,0,1,22.67,626.188823529412,4.21617610101935,0.517861700163796
26851985,Portugal,2685000,1985000,PPIA,1,Pinaceae,Pinus,Pinus pinea,0,1,22.67,626.188823529412,4.21617610101935,0.517861700163796
26851995,Portugal,2685000,1995000,PPIA,1,Pinaceae,Pinus,Pinus pinea,0,1,22.67,626.188823529412,4.21617610101935,0.517861700163796
26852025,Portugal,2685000,2025000,PPIA,1,Pinaceae,Pinus,Pinus pinea,0,1,22.67,626.188823529412,4.21617610101935,0.517861700163796
26852025,Portugal,2685000,2025000,PPIR,1,Pinaceae,Pinus,Pinus pinaster,0,0,19.7538425,55.8343384615385,3.35753899415492,0.44302767997764
26852035,Portugal,2685000,2035000,JPHO,1,Cupressaceae,Juniperus,Juniperus phoenicea,0,0,4.8815,79.86,4.365245967,0.64875
26852035,Portugal,2685000,2035000,PPIR,1,Pinaceae,Pinus,Pinus pinaster,0,0,19.7538425,55.8343384615385,3.35753899415492,0.44302767997764
26951755,Portugal,2695000,1755000,JPHO,1,Cupressaceae,Juniperus,Juniperus phoenicea,0,0,4.8815,79.86,4.365245967,0.64875
26951765,Portugal,2695000,1765000,JPHO,1,Cupressaceae,Juniperus,Juniperus phoenicea,0,0,4.8815,79.86,4.365245967,0.64875
26951775,Portugal,2695000,1775000,PPIR,1,Pinaceae,Pinus,Pinus pinaster,0,0,19.7538425,55.8343384615385,3.35753899415492,0.44302767997764
26951785,Portugal,2695000,1785000,PPIA,1,Pinaceae,Pinus,Pinus pinea,0,1,22.67,626.188823529412,4.21617610101935,0.517861700163796
26951835,Portugal,2695000,1835000,PPIR,1,Pinaceae,Pinus,Pinus pinaster,0,0,19.7538425,55.8343384615385,3.35753899415492,0.44302767997764
26951865,Portugal,2695000,1865000,PPIA,1,Pinaceae,Pinus,Pinus pinea,0,1,22.67,626.188823529412,4.21617610101935,0.517861700163796
26951875,Portugal,2695000,1875000,PPIA,1,Pinaceae,Pinus,Pinus pinea,0,1,22.67,626.188823529412,4.21617610101935,0.517861700163796
26951885,Portugal,2695000,1885000,JPHO,1,Cupressaceae,Juniperus,Juniperus phoenicea,0,0,4.8815,79.86,4.365245967,0.64875
26951885,Portugal,2695000,1885000,PPIA,1,Pinaceae,Pinus,Pinus pinea,0,1,22.67,626.188823529412,4.21617610101935,0.517861700163796
26951885,Portugal,2695000,1885000,PPIR,1,Pinaceae,Pinus,Pinus pinaster,0,0,19.7538425,55.8343384615385,3.35753899415492,0.44302767997764
26951895,Portugal,2695000,1895000,PPIA,1,Pinaceae,Pinus,Pinus pinea,0,1,22.67,626.188823529412,4.21617610101935,0.517861700163796
26951895,Portugal,2695000,1895000,PPIR,1,Pinaceae,Pinus,Pinus pinaster,0,0,19.7538425,55.8343384615385,3.35753899415492,0.44302767997764
26951905,Portugal,2695000,1905000,PPIA,1,Pinaceae,Pinus,Pinus pinea,0,1,22.67,626.188823529412,4.21617610101935,0.517861700163796
26951905,Portugal,2695000,1905000,PPIR,1,Pinaceae,Pinus,Pinus pinaster,0,0,19.7538425,55.8343384615385,3.35753899415492,0.44302767997764
26951925,Portugal,2695000,1925000,PPIA,1,Pinaceae,Pinus,Pinus pinea,0,1,22.67,626.188823529412,4.21617610101935,0.517861700163796
26951945,Portugal,2695000,1945000,PPIR,1,Pinaceae,Pinus,Pinus pinaster,0,0,19.7538425,55.8343384615385,3.35753899415492,0.44302767997764
26951955,Portugal,2695000,1955000,JNAV,1,Cupressaceae,Juniperus,Juniperus navicularis,1,0,1.36775,45.63,3.89,NA
26951955,Portugal,2695000,1955000,PPIA,1,Pinaceae,Pinus,Pinus pinea,0,1,22.67,626.188823529412,4.21617610101935,0.517861700163796
26951965,Portugal,2695000,1965000,JNAV,1,Cupressaceae,Juniperus,Juniperus navicularis,1,0,1.36775,45.63,3.89,NA
26951985,Portugal,2695000,1985000,PPIA,1,Pinaceae,Pinus,Pinus pinea,0,1,22.67,626.188823529412,4.21617610101935,0.517861700163796
26951995,Portugal,2695000,1995000,PPIA,1,Pinaceae,Pinus,Pinus pinea,0,1,22.67,626.188823529412,4.21617610101935,0.517861700163796
26952005,Portugal,2695000,2005000,PPIR,1,Pinaceae,Pinus,Pinus pinaster,0,0,19.7538425,55.8343384615385,3.35753899415492,0.44302767997764
26952015,Portugal,2695000,2015000,PPIR,1,Pinaceae,Pinus,Pinus pinaster,0,0,19.7538425,55.8343384615385,3.35753899415492,0.44302767997764
26952025,Portugal,2695000,2025000,PPIR,1,Pinaceae,Pinus,Pinus pinaster,0,0,19.7538425,55.8343384615385,3.35753899415492,0.44302767997764
26952035,Portugal,2695000,2035000,PPIR,1,Pinaceae,Pinus,Pinus pinaster,0,0,19.7538425,55.8343384615385,3.35753899415492,0.44302767997764
26952045,Portugal,2695000,2045000,PPIR,1,Pinaceae,Pinus,Pinus pinaster,0,0,19.7538425,55.8343384615385,3.35753899415492,0.44302767997764
27051745,Portugal,2705000,1745000,PPIA,1,Pinaceae,Pinus,Pinus pinea,0,1,22.67,626.188823529412,4.21617610101935,0.517861700163796
27051755,Portugal,2705000,1755000,JPHO,1,Cupressaceae,Juniperus,Juniperus phoenicea,0,0,4.8815,79.86,4.365245967,0.64875
27051755,Portugal,2705000,1755000,PPIA,1,Pinaceae,Pinus,Pinus pinea,0,1,22.67,626.188823529412,4.21617610101935,0.517861700163796
27051765,Portugal,2705000,1765000,JPHO,1,Cupressaceae,Juniperus,Juniperus phoenicea,0,0,4.8815,79.86,4.365245967,0.64875
27051765,Portugal,2705000,1765000,PPIA,1,Pinaceae,Pinus,Pinus pinea,0,1,22.67,626.188823529412,4.21617610101935,0.517861700163796
27051775,Portugal,2705000,1775000,JPHO,1,Cupressaceae,Juniperus,Juniperus phoenicea,0,0,4.8815,79.86,4.365245967,0.64875
27051785,Portugal,2705000,1785000,PPIR,1,Pinaceae,Pinus,Pinus pinaster,0,0,19.7538425,55.8343384615385,3.35753899415492,0.44302767997764
27051885,Portugal,2705000,1885000,PPIR,1,Pinaceae,Pinus,Pinus pinaster,0,0,19.7538425,55.8343384615385,3.35753899415492,0.44302767997764
27051895,Portugal,2705000,1895000,JNAV,1,Cupressaceae,Juniperus,Juniperus navicularis,1,0,1.36775,45.63,3.89,NA
27051895,Portugal,2705000,1895000,PPIA,1,Pinaceae,Pinus,Pinus pinea,0,1,22.67,626.188823529412,4.21617610101935,0.517861700163796
27051905,Portugal,2705000,1905000,JNAV,1,Cupressaceae,Juniperus,Juniperus navicularis,1,0,1.36775,45.63,3.89,NA
27051905,Portugal,2705000,1905000,PPIR,1,Pinaceae,Pinus,Pinus pinaster,0,0,19.7538425,55.8343384615385,3.35753899415492,0.44302767997764
27051915,Portugal,2705000,1915000,PPIA,1,Pinaceae,Pinus,Pinus pinea,0,1,22.67,626.188823529412,4.21617610101935,0.517861700163796
27051915,Portugal,2705000,1915000,PPIR,1,Pinaceae,Pinus,Pinus pinaster,0,0,19.7538425,55.8343384615385,3.35753899415492,0.44302767997764
27051925,Portugal,2705000,1925000,PPIA,1,Pinaceae,Pinus,Pinus pinea,0,1,22.67,626.188823529412,4.21617610101935,0.517861700163796
27051925,Portugal,2705000,1925000,PPIR,1,Pinaceae,Pinus,Pinus pinaster,0,0,19.7538425,55.8343384615385,3.35753899415492,0.44302767997764
27051945,Portugal,2705000,1945000,PPIA,1,Pinaceae,Pinus,Pinus pinea,0,1,22.67,626.188823529412,4.21617610101935,0.517861700163796
27051945,Portugal,2705000,1945000,PPIR,1,Pinaceae,Pinus,Pinus pinaster,0,0,19.7538425,55.8343384615385,3.35753899415492,0.44302767997764
27051965,Portugal,2705000,1965000,PPIR,1,Pinaceae,Pinus,Pinus pinaster,0,0,19.7538425,55.8343384615385,3.35753899415492,0.44302767997764
27052005,Portugal,2705000,2005000,PPIR,1,Pinaceae,Pinus,Pinus pinaster,0,0,19.7538425,55.8343384615385,3.35753899415492,0.44302767997764
27052015,Portugal,2705000,2015000,PPIA,1,Pinaceae,Pinus,Pinus pinea,0,1,22.67,626.188823529412,4.21617610101935,0.517861700163796
27052015,Portugal,2705000,2015000,PPIR,1,Pinaceae,Pinus,Pinus pinaster,0,0,19.7538425,55.8343384615385,3.35753899415492,0.44302767997764
27052025,Portugal,2705000,2025000,PPIR,1,Pinaceae,Pinus,Pinus pinaster,0,0,19.7538425,55.8343384615385,3.35753899415492,0.44302767997764
27052035,Portugal,2705000,2035000,PPIR,1,Pinaceae,Pinus,Pinus pinaster,0,0,19.7538425,55.8343384615385,3.35753899415492,0.44302767997764
27052055,Portugal,2705000,2055000,JPHO,1,Cupressaceae,Juniperus,Juniperus phoenicea,0,0,4.8815,79.86,4.365245967,0.64875
27052055,Portugal,2705000,2055000,PPIA,1,Pinaceae,Pinus,Pinus pinea,0,1,22.67,626.188823529412,4.21617610101935,0.517861700163796
27052055,Portugal,2705000,2055000,PPIR,1,Pinaceae,Pinus,Pinus pinaster,0,0,19.7538425,55.8343384615385,3.35753899415492,0.44302767997764
27151745,Portugal,2715000,1745000,JPHO,1,Cupressaceae,Juniperus,Juniperus phoenicea,0,0,4.8815,79.86,4.365245967,0.64875
27151745,Portugal,2715000,1745000,PPIA,1,Pinaceae,Pinus,Pinus pinea,0,1,22.67,626.188823529412,4.21617610101935,0.517861700163796
27151755,Portugal,2715000,1755000,JPHO,1,Cupressaceae,Juniperus,Juniperus phoenicea,0,0,4.8815,79.86,4.365245967,0.64875
27151755,Portugal,2715000,1755000,PPIA,1,Pinaceae,Pinus,Pinus pinea,0,1,22.67,626.188823529412,4.21617610101935,0.517861700163796
27151765,Portugal,2715000,1765000,JPHO,1,Cupressaceae,Juniperus,Juniperus phoenicea,0,0,4.8815,79.86,4.365245967,0.64875
27151765,Portugal,2715000,1765000,PPIA,1,Pinaceae,Pinus,Pinus pinea,0,1,22.67,626.188823529412,4.21617610101935,0.517861700163796
27151775,Portugal,2715000,1775000,JPHO,1,Cupressaceae,Juniperus,Juniperus phoenicea,0,0,4.8815,79.86,4.365245967,0.64875
27151775,Portugal,2715000,1775000,PPIA,1,Pinaceae,Pinus,Pinus pinea,0,1,22.67,626.188823529412,4.21617610101935,0.517861700163796
27151875,Portugal,2715000,1875000,PPIA,1,Pinaceae,Pinus,Pinus pinea,0,1,22.67,626.188823529412,4.21617610101935,0.517861700163796
27151885,Portugal,2715000,1885000,PPIA,1,Pinaceae,Pinus,Pinus pinea,0,1,22.67,626.188823529412,4.21617610101935,0.517861700163796
27151895,Portugal,2715000,1895000,PPIA,1,Pinaceae,Pinus,Pinus pinea,0,1,22.67,626.188823529412,4.21617610101935,0.517861700163796
27151895,Portugal,2715000,1895000,PPIR,1,Pinaceae,Pinus,Pinus pinaster,0,0,19.7538425,55.8343384615385,3.35753899415492,0.44302767997764
27151905,Portugal,2715000,1905000,PPIA,1,Pinaceae,Pinus,Pinus pinea,0,1,22.67,626.188823529412,4.21617610101935,0.517861700163796
27151905,Portugal,2715000,1905000,PPIR,1,Pinaceae,Pinus,Pinus pinaster,0,0,19.7538425,55.8343384615385,3.35753899415492,0.44302767997764
27151915,Portugal,2715000,1915000,PPIA,1,Pinaceae,Pinus,Pinus pinea,0,1,22.67,626.188823529412,4.21617610101935,0.517861700163796
27151945,Portugal,2715000,1945000,PPIA,1,Pinaceae,Pinus,Pinus pinea,0,1,22.67,626.188823529412,4.21617610101935,0.517861700163796
27151965,Portugal,2715000,1965000,PPIR,1,Pinaceae,Pinus,Pinus pinaster,0,0,19.7538425,55.8343384615385,3.35753899415492,0.44302767997764
27151975,Portugal,2715000,1975000,PPIA,1,Pinaceae,Pinus,Pinus pinea,0,1,22.67,626.188823529412,4.21617610101935,0.517861700163796
27151975,Portugal,2715000,1975000,PPIR,1,Pinaceae,Pinus,Pinus pinaster,0,0,19.7538425,55.8343384615385,3.35753899415492,0.44302767997764
27152025,Portugal,2715000,2025000,PPIR,1,Pinaceae,Pinus,Pinus pinaster,0,0,19.7538425,55.8343384615385,3.35753899415492,0.44302767997764
27152035,Portugal,2715000,2035000,PPIR,1,Pinaceae,Pinus,Pinus pinaster,0,0,19.7538425,55.8343384615385,3.35753899415492,0.44302767997764
27152045,Portugal,2715000,2045000,PPIR,1,Pinaceae,Pinus,Pinus pinaster,0,0,19.7538425,55.8343384615385,3.35753899415492,0.44302767997764
27152065,Portugal,2715000,2065000,JPHO,1,Cupressaceae,Juniperus,Juniperus phoenicea,0,0,4.8815,79.86,4.365245967,0.64875
27152065,Portugal,2715000,2065000,PPIR,1,Pinaceae,Pinus,Pinus pinaster,0,0,19.7538425,55.8343384615385,3.35753899415492,0.44302767997764
27152075,Portugal,2715000,2075000,JPHO,1,Cupressaceae,Juniperus,Juniperus phoenicea,0,0,4.8815,79.86,4.365245967,0.64875
27152075,Portugal,2715000,2075000,PPIR,1,Pinaceae,Pinus,Pinus pinaster,0,0,19.7538425,55.8343384615385,3.35753899415492,0.44302767997764
27251735,Portugal,2725000,1735000,PPIA,1,Pinaceae,Pinus,Pinus pinea,0,1,22.67,626.188823529412,4.21617610101935,0.517861700163796
27251735,Portugal,2725000,1735000,PPIR,1,Pinaceae,Pinus,Pinus pinaster,0,0,19.7538425,55.8343384615385,3.35753899415492,0.44302767997764
27251745,Portugal,2725000,1745000,JPHO,1,Cupressaceae,Juniperus,Juniperus phoenicea,0,0,4.8815,79.86,4.365245967,0.64875
27251745,Portugal,2725000,1745000,PPIA,1,Pinaceae,Pinus,Pinus pinea,0,1,22.67,626.188823529412,4.21617610101935,0.517861700163796
27251745,Portugal,2725000,1745000,PPIR,1,Pinaceae,Pinus,Pinus pinaster,0,0,19.7538425,55.8343384615385,3.35753899415492,0.44302767997764
27251755,Portugal,2725000,1755000,JPHO,1,Cupressaceae,Juniperus,Juniperus phoenicea,0,0,4.8815,79.86,4.365245967,0.64875
27251755,Portugal,2725000,1755000,PPIA,1,Pinaceae,Pinus,Pinus pinea,0,1,22.67,626.188823529412,4.21617610101935,0.517861700163796
27251755,Portugal,2725000,1755000,PPIR,1,Pinaceae,Pinus,Pinus pinaster,0,0,19.7538425,55.8343384615385,3.35753899415492,0.44302767997764
27251765,Portugal,2725000,1765000,JPHO,1,Cupressaceae,Juniperus,Juniperus phoenicea,0,0,4.8815,79.86,4.365245967,0.64875
27251765,Portugal,2725000,1765000,PPIR,1,Pinaceae,Pinus,Pinus pinaster,0,0,19.7538425,55.8343384615385,3.35753899415492,0.44302767997764
27251845,Portugal,2725000,1845000,PPIA,1,Pinaceae,Pinus,Pinus pinea,0,1,22.67,626.188823529412,4.21617610101935,0.517861700163796
27251875,Portugal,2725000,1875000,PPIA,1,Pinaceae,Pinus,Pinus pinea,0,1,22.67,626.188823529412,4.21617610101935,0.517861700163796
27251895,Portugal,2725000,1895000,JPHO,1,Cupressaceae,Juniperus,Juniperus phoenicea,0,0,4.8815,79.86,4.365245967,0.64875
27251895,Portugal,2725000,1895000,PPIA,1,Pinaceae,Pinus,Pinus pinea,0,1,22.67,626.188823529412,4.21617610101935,0.517861700163796
27251935,Portugal,2725000,1935000,PPIA,1,Pinaceae,Pinus,Pinus pinea,0,1,22.67,626.188823529412,4.21617610101935,0.517861700163796
27251935,Portugal,2725000,1935000,PPIR,1,Pinaceae,Pinus,Pinus pinaster,0,0,19.7538425,55.8343384615385,3.35753899415492,0.44302767997764
27251975,Portugal,2725000,1975000,PPIA,1,Pinaceae,Pinus,Pinus pinea,0,1,22.67,626.188823529412,4.21617610101935,0.517861700163796
27251985,Portugal,2725000,1985000,PPIA,1,Pinaceae,Pinus,Pinus pinea,0,1,22.67,626.188823529412,4.21617610101935,0.517861700163796
27251985,Portugal,2725000,1985000,PPIR,1,Pinaceae,Pinus,Pinus pinaster,0,0,19.7538425,55.8343384615385,3.35753899415492,0.44302767997764
27252025,Portugal,2725000,2025000,PPIA,1,Pinaceae,Pinus,Pinus pinea,0,1,22.67,626.188823529412,4.21617610101935,0.517861700163796
27252025,Portugal,2725000,2025000,PPIR,1,Pinaceae,Pinus,Pinus pinaster,0,0,19.7538425,55.8343384615385,3.35753899415492,0.44302767997764
27252035,Portugal,2725000,2035000,PPIR,1,Pinaceae,Pinus,Pinus pinaster,0,0,19.7538425,55.8343384615385,3.35753899415492,0.44302767997764
27252045,Portugal,2725000,2045000,PPIR,1,Pinaceae,Pinus,Pinus pinaster,0,0,19.7538425,55.8343384615385,3.35753899415492,0.44302767997764
27252055,Portugal,2725000,2055000,PPIR,1,Pinaceae,Pinus,Pinus pinaster,0,0,19.7538425,55.8343384615385,3.35753899415492,0.44302767997764
27252065,Portugal,2725000,2065000,PPIR,1,Pinaceae,Pinus,Pinus pinaster,0,0,19.7538425,55.8343384615385,3.35753899415492,0.44302767997764
27252075,Portugal,2725000,2075000,PPIR,1,Pinaceae,Pinus,Pinus pinaster,0,0,19.7538425,55.8343384615385,3.35753899415492,0.44302767997764
27252085,Portugal,2725000,2085000,PPIR,1,Pinaceae,Pinus,Pinus pinaster,0,0,19.7538425,55.8343384615385,3.35753899415492,0.44302767997764
27252095,Portugal,2725000,2095000,PPIA,1,Pinaceae,Pinus,Pinus pinea,0,1,22.67,626.188823529412,4.21617610101935,0.517861700163796
27252095,Portugal,2725000,2095000,PPIR,1,Pinaceae,Pinus,Pinus pinaster,0,0,19.7538425,55.8343384615385,3.35753899415492,0.44302767997764
27252105,Portugal,2725000,2105000,PPIA,1,Pinaceae,Pinus,Pinus pinea,0,1,22.67,626.188823529412,4.21617610101935,0.517861700163796
27252105,Portugal,2725000,2105000,PPIR,1,Pinaceae,Pinus,Pinus pinaster,0,0,19.7538425,55.8343384615385,3.35753899415492,0.44302767997764
27351735,Portugal,2735000,1735000,PPIA,1,Pinaceae,Pinus,Pinus pinea,0,1,22.67,626.188823529412,4.21617610101935,0.517861700163796
27351735,Portugal,2735000,1735000,PPIR,1,Pinaceae,Pinus,Pinus pinaster,0,0,19.7538425,55.8343384615385,3.35753899415492,0.44302767997764
27351745,Portugal,2735000,1745000,JPHO,1,Cupressaceae,Juniperus,Juniperus phoenicea,0,0,4.8815,79.86,4.365245967,0.64875
27351745,Portugal,2735000,1745000,PPIA,1,Pinaceae,Pinus,Pinus pinea,0,1,22.67,626.188823529412,4.21617610101935,0.517861700163796
27351745,Portugal,2735000,1745000,PPIR,1,Pinaceae,Pinus,Pinus pinaster,0,0,19.7538425,55.8343384615385,3.35753899415492,0.44302767997764
27351755,Portugal,2735000,1755000,JPHO,1,Cupressaceae,Juniperus,Juniperus phoenicea,0,0,4.8815,79.86,4.365245967,0.64875
27351755,Portugal,2735000,1755000,PPIR,1,Pinaceae,Pinus,Pinus pinaster,0,0,19.7538425,55.8343384615385,3.35753899415492,0.44302767997764
27351765,Portugal,2735000,1765000,PPIR,1,Pinaceae,Pinus,Pinus pinaster,0,0,19.7538425,55.8343384615385,3.35753899415492,0.44302767997764
27351895,Portugal,2735000,1895000,JPHO,1,Cupressaceae,Juniperus,Juniperus phoenicea,0,0,4.8815,79.86,4.365245967,0.64875
27351915,Portugal,2735000,1915000,PPIR,1,Pinaceae,Pinus,Pinus pinaster,0,0,19.7538425,55.8343384615385,3.35753899415492,0.44302767997764
27352025,Portugal,2735000,2025000,PPIR,1,Pinaceae,Pinus,Pinus pinaster,0,0,19.7538425,55.8343384615385,3.35753899415492,0.44302767997764
27352035,Portugal,2735000,2035000,PPIA,1,Pinaceae,Pinus,Pinus pinea,0,1,22.67,626.188823529412,4.21617610101935,0.517861700163796
27352045,Portugal,2735000,2045000,PPIR,1,Pinaceae,Pinus,Pinus pinaster,0,0,19.7538425,55.8343384615385,3.35753899415492,0.44302767997764
27352075,Portugal,2735000,2075000,PPIR,1,Pinaceae,Pinus,Pinus pinaster,0,0,19.7538425,55.8343384615385,3.35753899415492,0.44302767997764
27352085,Portugal,2735000,2085000,PPIA,1,Pinaceae,Pinus,Pinus pinea,0,1,22.67,626.188823529412,4.21617610101935,0.517861700163796
27352085,Portugal,2735000,2085000,PPIR,1,Pinaceae,Pinus,Pinus pinaster,0,0,19.7538425,55.8343384615385,3.35753899415492,0.44302767997764
27352105,Portugal,2735000,2105000,PPIA,1,Pinaceae,Pinus,Pinus pinea,0,1,22.67,626.188823529412,4.21617610101935,0.517861700163796
27352105,Portugal,2735000,2105000,PPIR,1,Pinaceae,Pinus,Pinus pinaster,0,0,19.7538425,55.8343384615385,3.35753899415492,0.44302767997764
27352115,Portugal,2735000,2115000,PPIA,1,Pinaceae,Pinus,Pinus pinea,0,1,22.67,626.188823529412,4.21617610101935,0.517861700163796
27352115,Portugal,2735000,2115000,PPIR,1,Pinaceae,Pinus,Pinus pinaster,0,0,19.7538425,55.8343384615385,3.35753899415492,0.44302767997764
27352125,Portugal,2735000,2125000,PPIR,1,Pinaceae,Pinus,Pinus pinaster,0,0,19.7538425,55.8343384615385,3.35753899415492,0.44302767997764
27451735,Portugal,2745000,1735000,PPIA,1,Pinaceae,Pinus,Pinus pinea,0,1,22.67,626.188823529412,4.21617610101935,0.517861700163796
27451735,Portugal,2745000,1735000,PPIR,1,Pinaceae,Pinus,Pinus pinaster,0,0,19.7538425,55.8343384615385,3.35753899415492,0.44302767997764
27451745,Portugal,2745000,1745000,JPHO,1,Cupressaceae,Juniperus,Juniperus phoenicea,0,0,4.8815,79.86,4.365245967,0.64875
27451755,Portugal,2745000,1755000,JPHO,1,Cupressaceae,Juniperus,Juniperus phoenicea,0,0,4.8815,79.86,4.365245967,0.64875
27451765,Portugal,2745000,1765000,PPIA,1,Pinaceae,Pinus,Pinus pinea,0,1,22.67,626.188823529412,4.21617610101935,0.517861700163796
27451765,Portugal,2745000,1765000,PPIR,1,Pinaceae,Pinus,Pinus pinaster,0,0,19.7538425,55.8343384615385,3.35753899415492,0.44302767997764
27451875,Portugal,2745000,1875000,PPIR,1,Pinaceae,Pinus,Pinus pinaster,0,0,19.7538425,55.8343384615385,3.35753899415492,0.44302767997764
27451915,Portugal,2745000,1915000,PPIA,1,Pinaceae,Pinus,Pinus pinea,0,1,22.67,626.188823529412,4.21617610101935,0.517861700163796
27451915,Portugal,2745000,1915000,PPIR,1,Pinaceae,Pinus,Pinus pinaster,0,0,19.7538425,55.8343384615385,3.35753899415492,0.44302767997764
27452025,Portugal,2745000,2025000,PPIR,1,Pinaceae,Pinus,Pinus pinaster,0,0,19.7538425,55.8343384615385,3.35753899415492,0.44302767997764
27452035,Portugal,2745000,2035000,PPIR,1,Pinaceae,Pinus,Pinus pinaster,0,0,19.7538425,55.8343384615385,3.35753899415492,0.44302767997764
27452045,Portugal,2745000,2045000,PPIR,1,Pinaceae,Pinus,Pinus pinaster,0,0,19.7538425,55.8343384615385,3.35753899415492,0.44302767997764
27452055,Portugal,2745000,2055000,PPIR,1,Pinaceae,Pinus,Pinus pinaster,0,0,19.7538425,55.8343384615385,3.35753899415492,0.44302767997764
27452065,Portugal,2745000,2065000,PPIA,1,Pinaceae,Pinus,Pinus pinea,0,1,22.67,626.188823529412,4.21617610101935,0.517861700163796
27452065,Portugal,2745000,2065000,PPIR,1,Pinaceae,Pinus,Pinus pinaster,0,0,19.7538425,55.8343384615385,3.35753899415492,0.44302767997764
27452075,Portugal,2745000,2075000,PPIR,1,Pinaceae,Pinus,Pinus pinaster,0,0,19.7538425,55.8343384615385,3.35753899415492,0.44302767997764
27452085,Portugal,2745000,2085000,PPIA,1,Pinaceae,Pinus,Pinus pinea,0,1,22.67,626.188823529412,4.21617610101935,0.517861700163796
27452085,Portugal,2745000,2085000,PPIR,1,Pinaceae,Pinus,Pinus pinaster,0,0,19.7538425,55.8343384615385,3.35753899415492,0.44302767997764
27452095,Portugal,2745000,2095000,PPIA,1,Pinaceae,Pinus,Pinus pinea,0,1,22.67,626.188823529412,4.21617610101935,0.517861700163796
27452115,Portugal,2745000,2115000,PPIR,1,Pinaceae,Pinus,Pinus pinaster,0,0,19.7538425,55.8343384615385,3.35753899415492,0.44302767997764
27452135,Portugal,2745000,2135000,PPIR,1,Pinaceae,Pinus,Pinus pinaster,0,0,19.7538425,55.8343384615385,3.35753899415492,0.44302767997764
27452145,Portugal,2745000,2145000,PPIR,1,Pinaceae,Pinus,Pinus pinaster,0,0,19.7538425,55.8343384615385,3.35753899415492,0.44302767997764
27551745,Portugal,2755000,1745000,PPIA,1,Pinaceae,Pinus,Pinus pinea,0,1,22.67,626.188823529412,4.21617610101935,0.517861700163796
27551745,Portugal,2755000,1745000,PPIR,1,Pinaceae,Pinus,Pinus pinaster,0,0,19.7538425,55.8343384615385,3.35753899415492,0.44302767997764
27551755,Portugal,2755000,1755000,JPHO,1,Cupressaceae,Juniperus,Juniperus phoenicea,0,0,4.8815,79.86,4.365245967,0.64875
27551815,Portugal,2755000,1815000,PPIA,1,Pinaceae,Pinus,Pinus pinea,0,1,22.67,626.188823529412,4.21617610101935,0.517861700163796
27551875,Portugal,2755000,1875000,PPIR,1,Pinaceae,Pinus,Pinus pinaster,0,0,19.7538425,55.8343384615385,3.35753899415492,0.44302767997764
27551905,Portugal,2755000,1905000,PPIR,1,Pinaceae,Pinus,Pinus pinaster,0,0,19.7538425,55.8343384615385,3.35753899415492,0.44302767997764
27551945,Portugal,2755000,1945000,PPIA,1,Pinaceae,Pinus,Pinus pinea,0,1,22.67,626.188823529412,4.21617610101935,0.517861700163796
27551975,Portugal,2755000,1975000,PPIR,1,Pinaceae,Pinus,Pinus pinaster,0,0,19.7538425,55.8343384615385,3.35753899415492,0.44302767997764
27551985,Portugal,2755000,1985000,PPIR,1,Pinaceae,Pinus,Pinus pinaster,0,0,19.7538425,55.8343384615385,3.35753899415492,0.44302767997764
27552015,Portugal,2755000,2015000,PPIA,1,Pinaceae,Pinus,Pinus pinea,0,1,22.67,626.188823529412,4.21617610101935,0.517861700163796
27552035,Portugal,2755000,2035000,PPIR,1,Pinaceae,Pinus,Pinus pinaster,0,0,19.7538425,55.8343384615385,3.35753899415492,0.44302767997764
27552045,Portugal,2755000,2045000,PPIR,1,Pinaceae,Pinus,Pinus pinaster,0,0,19.7538425,55.8343384615385,3.35753899415492,0.44302767997764
27552055,Portugal,2755000,2055000,PPIR,1,Pinaceae,Pinus,Pinus pinaster,0,0,19.7538425,55.8343384615385,3.35753899415492,0.44302767997764
27552065,Portugal,2755000,2065000,PPIR,1,Pinaceae,Pinus,Pinus pinaster,0,0,19.7538425,55.8343384615385,3.35753899415492,0.44302767997764
27552075,Portugal,2755000,2075000,PPIA,1,Pinaceae,Pinus,Pinus pinea,0,1,22.67,626.188823529412,4.21617610101935,0.517861700163796
27552075,Portugal,2755000,2075000,PPIR,1,Pinaceae,Pinus,Pinus pinaster,0,0,19.7538425,55.8343384615385,3.35753899415492,0.44302767997764
27552085,Portugal,2755000,2085000,PPIA,1,Pinaceae,Pinus,Pinus pinea,0,1,22.67,626.188823529412,4.21617610101935,0.517861700163796
27552085,Portugal,2755000,2085000,PPIR,1,Pinaceae,Pinus,Pinus pinaster,0,0,19.7538425,55.8343384615385,3.35753899415492,0.44302767997764
27552095,Portugal,2755000,2095000,PPIA,1,Pinaceae,Pinus,Pinus pinea,0,1,22.67,626.188823529412,4.21617610101935,0.517861700163796
27552095,Portugal,2755000,2095000,PPIR,1,Pinaceae,Pinus,Pinus pinaster,0,0,19.7538425,55.8343384615385,3.35753899415492,0.44302767997764
27552105,Portugal,2755000,2105000,PPIA,1,Pinaceae,Pinus,Pinus pinea,0,1,22.67,626.188823529412,4.21617610101935,0.517861700163796
27552105,Portugal,2755000,2105000,PPIR,1,Pinaceae,Pinus,Pinus pinaster,0,0,19.7538425,55.8343384615385,3.35753899415492,0.44302767997764
27552115,Portugal,2755000,2115000,PPIR,1,Pinaceae,Pinus,Pinus pinaster,0,0,19.7538425,55.8343384615385,3.35753899415492,0.44302767997764
27552125,Portugal,2755000,2125000,PPIR,1,Pinaceae,Pinus,Pinus pinaster,0,0,19.7538425,55.8343384615385,3.35753899415492,0.44302767997764
27552145,Portugal,2755000,2145000,PPIR,1,Pinaceae,Pinus,Pinus pinaster,0,0,19.7538425,55.8343384615385,3.35753899415492,0.44302767997764
27651745,Portugal,2765000,1745000,PPIA,1,Pinaceae,Pinus,Pinus pinea,0,1,22.67,626.188823529412,4.21617610101935,0.517861700163796
27651755,Portugal,2765000,1755000,JPHO,1,Cupressaceae,Juniperus,Juniperus phoenicea,0,0,4.8815,79.86,4.365245967,0.64875
27651755,Portugal,2765000,1755000,PPIA,1,Pinaceae,Pinus,Pinus pinea,0,1,22.67,626.188823529412,4.21617610101935,0.517861700163796
27651755,Portugal,2765000,1755000,PPIR,1,Pinaceae,Pinus,Pinus pinaster,0,0,19.7538425,55.8343384615385,3.35753899415492,0.44302767997764
27651765,Portugal,2765000,1765000,PPIA,1,Pinaceae,Pinus,Pinus pinea,0,1,22.67,626.188823529412,4.21617610101935,0.517861700163796
27651795,Portugal,2765000,1795000,JPHO,1,Cupressaceae,Juniperus,Juniperus phoenicea,0,0,4.8815,79.86,4.365245967,0.64875
27651795,Portugal,2765000,1795000,PPIA,1,Pinaceae,Pinus,Pinus pinea,0,1,22.67,626.188823529412,4.21617610101935,0.517861700163796
27651805,Portugal,2765000,1805000,JPHO,1,Cupressaceae,Juniperus,Juniperus phoenicea,0,0,4.8815,79.86,4.365245967,0.64875
27651865,Portugal,2765000,1865000,PPIA,1,Pinaceae,Pinus,Pinus pinea,0,1,22.67,626.188823529412,4.21617610101935,0.517861700163796
27651865,Portugal,2765000,1865000,PPIR,1,Pinaceae,Pinus,Pinus pinaster,0,0,19.7538425,55.8343384615385,3.35753899415492,0.44302767997764
27651895,Portugal,2765000,1895000,PPIR,1,Pinaceae,Pinus,Pinus pinaster,0,0,19.7538425,55.8343384615385,3.35753899415492,0.44302767997764
27651975,Portugal,2765000,1975000,PPIA,1,Pinaceae,Pinus,Pinus pinea,0,1,22.67,626.188823529412,4.21617610101935,0.517861700163796
27651975,Portugal,2765000,1975000,PPIR,1,Pinaceae,Pinus,Pinus pinaster,0,0,19.7538425,55.8343384615385,3.35753899415492,0.44302767997764
27652025,Portugal,2765000,2025000,PPIR,1,Pinaceae,Pinus,Pinus pinaster,0,0,19.7538425,55.8343384615385,3.35753899415492,0.44302767997764
27652035,Portugal,2765000,2035000,PPIR,1,Pinaceae,Pinus,Pinus pinaster,0,0,19.7538425,55.8343384615385,3.35753899415492,0.44302767997764
27652045,Portugal,2765000,2045000,PPIR,1,Pinaceae,Pinus,Pinus pinaster,0,0,19.7538425,55.8343384615385,3.35753899415492,0.44302767997764
27652055,Portugal,2765000,2055000,PPIR,1,Pinaceae,Pinus,Pinus pinaster,0,0,19.7538425,55.8343384615385,3.35753899415492,0.44302767997764
27652065,Portugal,2765000,2065000,PPIR,1,Pinaceae,Pinus,Pinus pinaster,0,0,19.7538425,55.8343384615385,3.35753899415492,0.44302767997764
27652075,Portugal,2765000,2075000,PPIR,1,Pinaceae,Pinus,Pinus pinaster,0,0,19.7538425,55.8343384615385,3.35753899415492,0.44302767997764
27652085,Portugal,2765000,2085000,PPIR,1,Pinaceae,Pinus,Pinus pinaster,0,0,19.7538425,55.8343384615385,3.35753899415492,0.44302767997764
27652095,Portugal,2765000,2095000,PPIA,1,Pinaceae,Pinus,Pinus pinea,0,1,22.67,626.188823529412,4.21617610101935,0.517861700163796
27652095,Portugal,2765000,2095000,PPIR,1,Pinaceae,Pinus,Pinus pinaster,0,0,19.7538425,55.8343384615385,3.35753899415492,0.44302767997764
27652115,Portugal,2765000,2115000,PPIA,1,Pinaceae,Pinus,Pinus pinea,0,1,22.67,626.188823529412,4.21617610101935,0.517861700163796
27652115,Portugal,2765000,2115000,PPIR,1,Pinaceae,Pinus,Pinus pinaster,0,0,19.7538425,55.8343384615385,3.35753899415492,0.44302767997764
27652125,Portugal,2765000,2125000,PPIR,1,Pinaceae,Pinus,Pinus pinaster,0,0,19.7538425,55.8343384615385,3.35753899415492,0.44302767997764
27751745,Portugal,2775000,1745000,JPHO,1,Cupressaceae,Juniperus,Juniperus phoenicea,0,0,4.8815,79.86,4.365245967,0.64875
27751745,Portugal,2775000,1745000,PPIA,1,Pinaceae,Pinus,Pinus pinea,0,1,22.67,626.188823529412,4.21617610101935,0.517861700163796
27751745,Portugal,2775000,1745000,PPIR,1,Pinaceae,Pinus,Pinus pinaster,0,0,19.7538425,55.8343384615385,3.35753899415492,0.44302767997764
27751755,Portugal,2775000,1755000,PPIA,1,Pinaceae,Pinus,Pinus pinea,0,1,22.67,626.188823529412,4.21617610101935,0.517861700163796
27751765,Portugal,2775000,1765000,JPHO,1,Cupressaceae,Juniperus,Juniperus phoenicea,0,0,4.8815,79.86,4.365245967,0.64875
27751765,Portugal,2775000,1765000,PPIA,1,Pinaceae,Pinus,Pinus pinea,0,1,22.67,626.188823529412,4.21617610101935,0.517861700163796
27751775,Spain,2775000,1775000,JPHO,1,Cupressaceae,Juniperus,Juniperus phoenicea,0,0,4.8815,79.86,4.365245967,0.64875
27751775,Spain,2775000,1775000,PPIA,1,Pinaceae,Pinus,Pinus pinea,0,1,22.67,626.188823529412,4.21617610101935,0.517861700163796
27751785,Spain,2775000,1785000,JPHO,1,Cupressaceae,Juniperus,Juniperus phoenicea,0,0,4.8815,79.86,4.365245967,0.64875
27751785,Spain,2775000,1785000,PPIA,1,Pinaceae,Pinus,Pinus pinea,0,1,22.67,626.188823529412,4.21617610101935,0.517861700163796
27751815,Portugal,2775000,1815000,JPHO,1,Cupressaceae,Juniperus,Juniperus phoenicea,0,0,4.8815,79.86,4.365245967,0.64875
27751825,Portugal,2775000,1825000,JPHO,1,Cupressaceae,Juniperus,Juniperus phoenicea,0,0,4.8815,79.86,4.365245967,0.64875
27751985,Portugal,2775000,1985000,PPIR,1,Pinaceae,Pinus,Pinus pinaster,0,0,19.7538425,55.8343384615385,3.35753899415492,0.44302767997764
27752005,Portugal,2775000,2005000,PPIR,1,Pinaceae,Pinus,Pinus pinaster,0,0,19.7538425,55.8343384615385,3.35753899415492,0.44302767997764
27752015,Portugal,2775000,2015000,PPIR,1,Pinaceae,Pinus,Pinus pinaster,0,0,19.7538425,55.8343384615385,3.35753899415492,0.44302767997764
27752025,Portugal,2775000,2025000,PPIR,1,Pinaceae,Pinus,Pinus pinaster,0,0,19.7538425,55.8343384615385,3.35753899415492,0.44302767997764
27752035,Portugal,2775000,2035000,PPIR,1,Pinaceae,Pinus,Pinus pinaster,0,0,19.7538425,55.8343384615385,3.35753899415492,0.44302767997764
27752045,Portugal,2775000,2045000,PPIR,1,Pinaceae,Pinus,Pinus pinaster,0,0,19.7538425,55.8343384615385,3.35753899415492,0.44302767997764
27752055,Portugal,2775000,2055000,PPIR,1,Pinaceae,Pinus,Pinus pinaster,0,0,19.7538425,55.8343384615385,3.35753899415492,0.44302767997764
27752065,Portugal,2775000,2065000,PPIR,1,Pinaceae,Pinus,Pinus pinaster,0,0,19.7538425,55.8343384615385,3.35753899415492,0.44302767997764
27752075,Portugal,2775000,2075000,PPIR,1,Pinaceae,Pinus,Pinus pinaster,0,0,19.7538425,55.8343384615385,3.35753899415492,0.44302767997764
27752105,Portugal,2775000,2105000,PPIA,1,Pinaceae,Pinus,Pinus pinea,0,1,22.67,626.188823529412,4.21617610101935,0.517861700163796
27752105,Portugal,2775000,2105000,PPIR,1,Pinaceae,Pinus,Pinus pinaster,0,0,19.7538425,55.8343384615385,3.35753899415492,0.44302767997764
27851745,Spain,2785000,1745000,JMAC,1,Cupressaceae,Juniperus,Juniperus macrocarpa,0,0,5,8.55,NA,NA
27851745,Spain,2785000,1745000,JPHO,1,Cupressaceae,Juniperus,Juniperus phoenicea,0,0,4.8815,79.86,4.365245967,0.64875
27851745,Spain,2785000,1745000,PPIA,1,Pinaceae,Pinus,Pinus pinea,0,1,22.67,626.188823529412,4.21617610101935,0.517861700163796
27851745,Spain,2785000,1745000,PPIR,1,Pinaceae,Pinus,Pinus pinaster,0,0,19.7538425,55.8343384615385,3.35753899415492,0.44302767997764
27851755,Spain,2785000,1755000,PPIA,1,Pinaceae,Pinus,Pinus pinea,0,1,22.67,626.188823529412,4.21617610101935,0.517861700163796
27851755,Spain,2785000,1755000,PPIR,1,Pinaceae,Pinus,Pinus pinaster,0,0,19.7538425,55.8343384615385,3.35753899415492,0.44302767997764
27851765,Spain,2785000,1765000,PPIA,1,Pinaceae,Pinus,Pinus pinea,0,1,22.67,626.188823529412,4.21617610101935,0.517861700163796
27851775,Spain,2785000,1775000,JPHO,1,Cupressaceae,Juniperus,Juniperus phoenicea,0,0,4.8815,79.86,4.365245967,0.64875
27851785,Spain,2785000,1785000,JPHO,1,Cupressaceae,Juniperus,Juniperus phoenicea,0,0,4.8815,79.86,4.365245967,0.64875
27851785,Spain,2785000,1785000,PPIA,1,Pinaceae,Pinus,Pinus pinea,0,1,22.67,626.188823529412,4.21617610101935,0.517861700163796
27851995,Portugal,2785000,1995000,JOXY,1,Cupressaceae,Juniperus,Juniperus oxycedrus,0,0,5.80013333333333,59.2821428571429,5.90415540009894,0.279608734499912
27851995,Portugal,2785000,1995000,PPIR,1,Pinaceae,Pinus,Pinus pinaster,0,0,19.7538425,55.8343384615385,3.35753899415492,0.44302767997764
27852005,Portugal,2785000,2005000,PPIR,1,Pinaceae,Pinus,Pinus pinaster,0,0,19.7538425,55.8343384615385,3.35753899415492,0.44302767997764
27852015,Portugal,2785000,2015000,PPIR,1,Pinaceae,Pinus,Pinus pinaster,0,0,19.7538425,55.8343384615385,3.35753899415492,0.44302767997764
27852025,Portugal,2785000,2025000,PPIR,1,Pinaceae,Pinus,Pinus pinaster,0,0,19.7538425,55.8343384615385,3.35753899415492,0.44302767997764
27852035,Portugal,2785000,2035000,PPIR,1,Pinaceae,Pinus,Pinus pinaster,0,0,19.7538425,55.8343384615385,3.35753899415492,0.44302767997764
27852045,Portugal,2785000,2045000,PPIR,1,Pinaceae,Pinus,Pinus pinaster,0,0,19.7538425,55.8343384615385,3.35753899415492,0.44302767997764
27852065,Portugal,2785000,2065000,PPIR,1,Pinaceae,Pinus,Pinus pinaster,0,0,19.7538425,55.8343384615385,3.35753899415492,0.44302767997764
27852075,Portugal,2785000,2075000,PPIR,1,Pinaceae,Pinus,Pinus pinaster,0,0,19.7538425,55.8343384615385,3.35753899415492,0.44302767997764
27852085,Portugal,2785000,2085000,PPIR,1,Pinaceae,Pinus,Pinus pinaster,0,0,19.7538425,55.8343384615385,3.35753899415492,0.44302767997764
27852095,Portugal,2785000,2095000,PPIA,1,Pinaceae,Pinus,Pinus pinea,0,1,22.67,626.188823529412,4.21617610101935,0.517861700163796
27852095,Portugal,2785000,2095000,PPIR,1,Pinaceae,Pinus,Pinus pinaster,0,0,19.7538425,55.8343384615385,3.35753899415492,0.44302767997764
27852175,Portugal,2785000,2175000,PPIR,1,Pinaceae,Pinus,Pinus pinaster,0,0,19.7538425,55.8343384615385,3.35753899415492,0.44302767997764
27852185,Portugal,2785000,2185000,PPIR,1,Pinaceae,Pinus,Pinus pinaster,0,0,19.7538425,55.8343384615385,3.35753899415492,0.44302767997764
27951745,Spain,2795000,1745000,JPHO,1,Cupressaceae,Juniperus,Juniperus phoenicea,0,0,4.8815,79.86,4.365245967,0.64875
27951745,Spain,2795000,1745000,PPIA,1,Pinaceae,Pinus,Pinus pinea,0,1,22.67,626.188823529412,4.21617610101935,0.517861700163796
27951745,Spain,2795000,1745000,PPIR,1,Pinaceae,Pinus,Pinus pinaster,0,0,19.7538425,55.8343384615385,3.35753899415492,0.44302767997764
27951755,Spain,2795000,1755000,PPIA,1,Pinaceae,Pinus,Pinus pinea,0,1,22.67,626.188823529412,4.21617610101935,0.517861700163796
27951755,Spain,2795000,1755000,PPIR,1,Pinaceae,Pinus,Pinus pinaster,0,0,19.7538425,55.8343384615385,3.35753899415492,0.44302767997764
27951765,Spain,2795000,1765000,PPIA,1,Pinaceae,Pinus,Pinus pinea,0,1,22.67,626.188823529412,4.21617610101935,0.517861700163796
27951775,Spain,2795000,1775000,PPIA,1,Pinaceae,Pinus,Pinus pinea,0,1,22.67,626.188823529412,4.21617610101935,0.517861700163796
27952015,Portugal,2795000,2015000,PPIR,1,Pinaceae,Pinus,Pinus pinaster,0,0,19.7538425,55.8343384615385,3.35753899415492,0.44302767997764
27952025,Portugal,2795000,2025000,PPIR,1,Pinaceae,Pinus,Pinus pinaster,0,0,19.7538425,55.8343384615385,3.35753899415492,0.44302767997764
27952035,Portugal,2795000,2035000,JOXY,1,Cupressaceae,Juniperus,Juniperus oxycedrus,0,0,5.80013333333333,59.2821428571429,5.90415540009894,0.279608734499912
27952035,Portugal,2795000,2035000,PPIR,1,Pinaceae,Pinus,Pinus pinaster,0,0,19.7538425,55.8343384615385,3.35753899415492,0.44302767997764
27952045,Portugal,2795000,2045000,PPIR,1,Pinaceae,Pinus,Pinus pinaster,0,0,19.7538425,55.8343384615385,3.35753899415492,0.44302767997764
27952055,Portugal,2795000,2055000,PPIR,1,Pinaceae,Pinus,Pinus pinaster,0,0,19.7538425,55.8343384615385,3.35753899415492,0.44302767997764
27952065,Portugal,2795000,2065000,PPIR,1,Pinaceae,Pinus,Pinus pinaster,0,0,19.7538425,55.8343384615385,3.35753899415492,0.44302767997764
28051745,Spain,2805000,1745000,JPHO,1,Cupressaceae,Juniperus,Juniperus phoenicea,0,0,4.8815,79.86,4.365245967,0.64875
28051745,Spain,2805000,1745000,PPIA,1,Pinaceae,Pinus,Pinus pinea,0,1,22.67,626.188823529412,4.21617610101935,0.517861700163796
28051745,Spain,2805000,1745000,PPIR,1,Pinaceae,Pinus,Pinus pinaster,0,0,19.7538425,55.8343384615385,3.35753899415492,0.44302767997764
28051755,Spain,2805000,1755000,PPIA,1,Pinaceae,Pinus,Pinus pinea,0,1,22.67,626.188823529412,4.21617610101935,0.517861700163796
28051765,Spain,2805000,1765000,PPIA,1,Pinaceae,Pinus,Pinus pinea,0,1,22.67,626.188823529412,4.21617610101935,0.517861700163796
28051765,Spain,2805000,1765000,PPIR,1,Pinaceae,Pinus,Pinus pinaster,0,0,19.7538425,55.8343384615385,3.35753899415492,0.44302767997764
28051775,Spain,2805000,1775000,PPIA,1,Pinaceae,Pinus,Pinus pinea,0,1,22.67,626.188823529412,4.21617610101935,0.517861700163796
28051785,Spain,2805000,1785000,PPIA,1,Pinaceae,Pinus,Pinus pinea,0,1,22.67,626.188823529412,4.21617610101935,0.517861700163796
28051805,Spain,2805000,1805000,PPIA,1,Pinaceae,Pinus,Pinus pinea,0,1,22.67,626.188823529412,4.21617610101935,0.517861700163796
28052005,Portugal,2805000,2005000,JOXY,1,Cupressaceae,Juniperus,Juniperus oxycedrus,0,0,5.80013333333333,59.2821428571429,5.90415540009894,0.279608734499912
28052015,Portugal,2805000,2015000,JOXY,1,Cupressaceae,Juniperus,Juniperus oxycedrus,0,0,5.80013333333333,59.2821428571429,5.90415540009894,0.279608734499912
28052015,Portugal,2805000,2015000,PPIR,1,Pinaceae,Pinus,Pinus pinaster,0,0,19.7538425,55.8343384615385,3.35753899415492,0.44302767997764
28052025,Portugal,2805000,2025000,JOXY,1,Cupressaceae,Juniperus,Juniperus oxycedrus,0,0,5.80013333333333,59.2821428571429,5.90415540009894,0.279608734499912
28052025,Portugal,2805000,2025000,PPIR,1,Pinaceae,Pinus,Pinus pinaster,0,0,19.7538425,55.8343384615385,3.35753899415492,0.44302767997764
28052035,Portugal,2805000,2035000,PPIR,1,Pinaceae,Pinus,Pinus pinaster,0,0,19.7538425,55.8343384615385,3.35753899415492,0.44302767997764
28052045,Portugal,2805000,2045000,PPIR,1,Pinaceae,Pinus,Pinus pinaster,0,0,19.7538425,55.8343384615385,3.35753899415492,0.44302767997764
28052055,Portugal,2805000,2055000,PPIR,1,Pinaceae,Pinus,Pinus pinaster,0,0,19.7538425,55.8343384615385,3.35753899415492,0.44302767997764
28052065,Portugal,2805000,2065000,PPIR,1,Pinaceae,Pinus,Pinus pinaster,0,0,19.7538425,55.8343384615385,3.35753899415492,0.44302767997764
28052075,Portugal,2805000,2075000,PPIR,1,Pinaceae,Pinus,Pinus pinaster,0,0,19.7538425,55.8343384615385,3.35753899415492,0.44302767997764
28052085,Portugal,2805000,2085000,PPIR,1,Pinaceae,Pinus,Pinus pinaster,0,0,19.7538425,55.8343384615385,3.35753899415492,0.44302767997764
28052105,Portugal,2805000,2105000,PPIR,1,Pinaceae,Pinus,Pinus pinaster,0,0,19.7538425,55.8343384615385,3.35753899415492,0.44302767997764
28052175,Portugal,2805000,2175000,PPIR,1,Pinaceae,Pinus,Pinus pinaster,0,0,19.7538425,55.8343384615385,3.35753899415492,0.44302767997764
28151735,Spain,2815000,1735000,JMAC,1,Cupressaceae,Juniperus,Juniperus macrocarpa,0,0,5,8.55,NA,NA
28151735,Spain,2815000,1735000,JPHO,1,Cupressaceae,Juniperus,Juniperus phoenicea,0,0,4.8815,79.86,4.365245967,0.64875
28151735,Spain,2815000,1735000,PPIA,1,Pinaceae,Pinus,Pinus pinea,0,1,22.67,626.188823529412,4.21617610101935,0.517861700163796
28151735,Spain,2815000,1735000,PPIR,1,Pinaceae,Pinus,Pinus pinaster,0,0,19.7538425,55.8343384615385,3.35753899415492,0.44302767997764
28151745,Spain,2815000,1745000,JPHO,1,Cupressaceae,Juniperus,Juniperus phoenicea,0,0,4.8815,79.86,4.365245967,0.64875
28151745,Spain,2815000,1745000,PPIA,1,Pinaceae,Pinus,Pinus pinea,0,1,22.67,626.188823529412,4.21617610101935,0.517861700163796
28151745,Spain,2815000,1745000,PPIR,1,Pinaceae,Pinus,Pinus pinaster,0,0,19.7538425,55.8343384615385,3.35753899415492,0.44302767997764
28151755,Spain,2815000,1755000,PPIA,1,Pinaceae,Pinus,Pinus pinea,0,1,22.67,626.188823529412,4.21617610101935,0.517861700163796
28151755,Spain,2815000,1755000,PPIR,1,Pinaceae,Pinus,Pinus pinaster,0,0,19.7538425,55.8343384615385,3.35753899415492,0.44302767997764
28151765,Spain,2815000,1765000,PPIA,1,Pinaceae,Pinus,Pinus pinea,0,1,22.67,626.188823529412,4.21617610101935,0.517861700163796
28151785,Spain,2815000,1785000,PPIA,1,Pinaceae,Pinus,Pinus pinea,0,1,22.67,626.188823529412,4.21617610101935,0.517861700163796
28151795,Spain,2815000,1795000,PPIA,1,Pinaceae,Pinus,Pinus pinea,0,1,22.67,626.188823529412,4.21617610101935,0.517861700163796
28151805,Spain,2815000,1805000,PPIA,1,Pinaceae,Pinus,Pinus pinea,0,1,22.67,626.188823529412,4.21617610101935,0.517861700163796
28151815,Spain,2815000,1815000,PPIA,1,Pinaceae,Pinus,Pinus pinea,0,1,22.67,626.188823529412,4.21617610101935,0.517861700163796
28151815,Spain,2815000,1815000,PPIR,1,Pinaceae,Pinus,Pinus pinaster,0,0,19.7538425,55.8343384615385,3.35753899415492,0.44302767997764
28151875,Portugal,2815000,1875000,PPIA,1,Pinaceae,Pinus,Pinus pinea,0,1,22.67,626.188823529412,4.21617610101935,0.517861700163796
28152005,Portugal,2815000,2005000,JOXY,1,Cupressaceae,Juniperus,Juniperus oxycedrus,0,0,5.80013333333333,59.2821428571429,5.90415540009894,0.279608734499912
28152015,Portugal,2815000,2015000,JOXY,1,Cupressaceae,Juniperus,Juniperus oxycedrus,0,0,5.80013333333333,59.2821428571429,5.90415540009894,0.279608734499912
28152015,Portugal,2815000,2015000,PPIR,1,Pinaceae,Pinus,Pinus pinaster,0,0,19.7538425,55.8343384615385,3.35753899415492,0.44302767997764
28152025,Portugal,2815000,2025000,JOXY,1,Cupressaceae,Juniperus,Juniperus oxycedrus,0,0,5.80013333333333,59.2821428571429,5.90415540009894,0.279608734499912
28152025,Portugal,2815000,2025000,PPIR,1,Pinaceae,Pinus,Pinus pinaster,0,0,19.7538425,55.8343384615385,3.35753899415492,0.44302767997764
28152045,Portugal,2815000,2045000,PPIR,1,Pinaceae,Pinus,Pinus pinaster,0,0,19.7538425,55.8343384615385,3.35753899415492,0.44302767997764
28152055,Portugal,2815000,2055000,PPIR,1,Pinaceae,Pinus,Pinus pinaster,0,0,19.7538425,55.8343384615385,3.35753899415492,0.44302767997764
28152065,Portugal,2815000,2065000,PPIR,1,Pinaceae,Pinus,Pinus pinaster,0,0,19.7538425,55.8343384615385,3.35753899415492,0.44302767997764
28152085,Portugal,2815000,2085000,PPIR,1,Pinaceae,Pinus,Pinus pinaster,0,0,19.7538425,55.8343384615385,3.35753899415492,0.44302767997764
28152095,Portugal,2815000,2095000,PPIR,1,Pinaceae,Pinus,Pinus pinaster,0,0,19.7538425,55.8343384615385,3.35753899415492,0.44302767997764
28152105,Portugal,2815000,2105000,PPIR,1,Pinaceae,Pinus,Pinus pinaster,0,0,19.7538425,55.8343384615385,3.35753899415492,0.44302767997764
28152175,Portugal,2815000,2175000,PPIR,1,Pinaceae,Pinus,Pinus pinaster,0,0,19.7538425,55.8343384615385,3.35753899415492,0.44302767997764
28152185,Portugal,2815000,2185000,PPIR,1,Pinaceae,Pinus,Pinus pinaster,0,0,19.7538425,55.8343384615385,3.35753899415492,0.44302767997764
28251725,Spain,2825000,1725000,JPHO,1,Cupressaceae,Juniperus,Juniperus phoenicea,0,0,4.8815,79.86,4.365245967,0.64875
28251725,Spain,2825000,1725000,PPIA,1,Pinaceae,Pinus,Pinus pinea,0,1,22.67,626.188823529412,4.21617610101935,0.517861700163796
28251735,Spain,2825000,1735000,JPHO,1,Cupressaceae,Juniperus,Juniperus phoenicea,0,0,4.8815,79.86,4.365245967,0.64875
28251735,Spain,2825000,1735000,PPIA,1,Pinaceae,Pinus,Pinus pinea,0,1,22.67,626.188823529412,4.21617610101935,0.517861700163796
28251735,Spain,2825000,1735000,PPIR,1,Pinaceae,Pinus,Pinus pinaster,0,0,19.7538425,55.8343384615385,3.35753899415492,0.44302767997764
28251745,Spain,2825000,1745000,JPHO,1,Cupressaceae,Juniperus,Juniperus phoenicea,0,0,4.8815,79.86,4.365245967,0.64875
28251755,Spain,2825000,1755000,PPIA,1,Pinaceae,Pinus,Pinus pinea,0,1,22.67,626.188823529412,4.21617610101935,0.517861700163796
28251765,Spain,2825000,1765000,PPIA,1,Pinaceae,Pinus,Pinus pinea,0,1,22.67,626.188823529412,4.21617610101935,0.517861700163796
28251775,Spain,2825000,1775000,PPIA,1,Pinaceae,Pinus,Pinus pinea,0,1,22.67,626.188823529412,4.21617610101935,0.517861700163796
28251785,Spain,2825000,1785000,PPIA,1,Pinaceae,Pinus,Pinus pinea,0,1,22.67,626.188823529412,4.21617610101935,0.517861700163796
28251795,Spain,2825000,1795000,PPIA,1,Pinaceae,Pinus,Pinus pinea,0,1,22.67,626.188823529412,4.21617610101935,0.517861700163796
28251805,Spain,2825000,1805000,PPIA,1,Pinaceae,Pinus,Pinus pinea,0,1,22.67,626.188823529412,4.21617610101935,0.517861700163796
28251805,Spain,2825000,1805000,PPIR,1,Pinaceae,Pinus,Pinus pinaster,0,0,19.7538425,55.8343384615385,3.35753899415492,0.44302767997764
28251815,Spain,2825000,1815000,PPIA,1,Pinaceae,Pinus,Pinus pinea,0,1,22.67,626.188823529412,4.21617610101935,0.517861700163796
28251815,Spain,2825000,1815000,PPIR,1,Pinaceae,Pinus,Pinus pinaster,0,0,19.7538425,55.8343384615385,3.35753899415492,0.44302767997764
28251945,Portugal,2825000,1945000,PPIR,1,Pinaceae,Pinus,Pinus pinaster,0,0,19.7538425,55.8343384615385,3.35753899415492,0.44302767997764
28251975,Portugal,2825000,1975000,PPIA,1,Pinaceae,Pinus,Pinus pinea,0,1,22.67,626.188823529412,4.21617610101935,0.517861700163796
28251975,Portugal,2825000,1975000,PPIR,1,Pinaceae,Pinus,Pinus pinaster,0,0,19.7538425,55.8343384615385,3.35753899415492,0.44302767997764
28251985,Portugal,2825000,1985000,PPIR,1,Pinaceae,Pinus,Pinus pinaster,0,0,19.7538425,55.8343384615385,3.35753899415492,0.44302767997764
28252015,Portugal,2825000,2015000,PPIR,1,Pinaceae,Pinus,Pinus pinaster,0,0,19.7538425,55.8343384615385,3.35753899415492,0.44302767997764
28252025,Portugal,2825000,2025000,PPIR,1,Pinaceae,Pinus,Pinus pinaster,0,0,19.7538425,55.8343384615385,3.35753899415492,0.44302767997764
28252035,Portugal,2825000,2035000,PPIR,1,Pinaceae,Pinus,Pinus pinaster,0,0,19.7538425,55.8343384615385,3.35753899415492,0.44302767997764
28252045,Portugal,2825000,2045000,PPIR,1,Pinaceae,Pinus,Pinus pinaster,0,0,19.7538425,55.8343384615385,3.35753899415492,0.44302767997764
28252055,Portugal,2825000,2055000,PPIR,1,Pinaceae,Pinus,Pinus pinaster,0,0,19.7538425,55.8343384615385,3.35753899415492,0.44302767997764
28252075,Portugal,2825000,2075000,PPIR,1,Pinaceae,Pinus,Pinus pinaster,0,0,19.7538425,55.8343384615385,3.35753899415492,0.44302767997764
28252085,Portugal,2825000,2085000,JCOM,1,Cupressaceae,Juniperus,Juniperus communis,0,0,6.89471111111111,14.5568754256278,6.87788947666667,0.580550349059571
28252085,Portugal,2825000,2085000,PPIR,1,Pinaceae,Pinus,Pinus pinaster,0,0,19.7538425,55.8343384615385,3.35753899415492,0.44302767997764
28252085,Portugal,2825000,2085000,TBAC,1,Taxaceae,Taxus,Taxus baccata,0,0,16.2798181818182,53.7944269878574,10.6,0.603691228532326
28252105,Portugal,2825000,2105000,JCOM,1,Cupressaceae,Juniperus,Juniperus communis,0,0,6.89471111111111,14.5568754256278,6.87788947666667,0.580550349059571
28252105,Portugal,2825000,2105000,PPIR,1,Pinaceae,Pinus,Pinus pinaster,0,0,19.7538425,55.8343384615385,3.35753899415492,0.44302767997764
28252105,Portugal,2825000,2105000,TBAC,1,Taxaceae,Taxus,Taxus baccata,0,0,16.2798181818182,53.7944269878574,10.6,0.603691228532326
28252115,Portugal,2825000,2115000,PPIR,1,Pinaceae,Pinus,Pinus pinaster,0,0,19.7538425,55.8343384615385,3.35753899415492,0.44302767997764
28252175,Portugal,2825000,2175000,PPIR,1,Pinaceae,Pinus,Pinus pinaster,0,0,19.7538425,55.8343384615385,3.35753899415492,0.44302767997764
28252185,Portugal,2825000,2185000,PPIR,1,Pinaceae,Pinus,Pinus pinaster,0,0,19.7538425,55.8343384615385,3.35753899415492,0.44302767997764
28351715,Spain,2835000,1715000,JPHO,1,Cupressaceae,Juniperus,Juniperus phoenicea,0,0,4.8815,79.86,4.365245967,0.64875
28351715,Spain,2835000,1715000,PPIA,1,Pinaceae,Pinus,Pinus pinea,0,1,22.67,626.188823529412,4.21617610101935,0.517861700163796
28351725,Spain,2835000,1725000,JPHO,1,Cupressaceae,Juniperus,Juniperus phoenicea,0,0,4.8815,79.86,4.365245967,0.64875
28351725,Spain,2835000,1725000,PPIA,1,Pinaceae,Pinus,Pinus pinea,0,1,22.67,626.188823529412,4.21617610101935,0.517861700163796
28351735,Spain,2835000,1735000,PPIA,1,Pinaceae,Pinus,Pinus pinea,0,1,22.67,626.188823529412,4.21617610101935,0.517861700163796
28351745,Spain,2835000,1745000,PPIA,1,Pinaceae,Pinus,Pinus pinea,0,1,22.67,626.188823529412,4.21617610101935,0.517861700163796
28351755,Spain,2835000,1755000,PPIA,1,Pinaceae,Pinus,Pinus pinea,0,1,22.67,626.188823529412,4.21617610101935,0.517861700163796
28351765,Spain,2835000,1765000,PPIA,1,Pinaceae,Pinus,Pinus pinea,0,1,22.67,626.188823529412,4.21617610101935,0.517861700163796
28351765,Spain,2835000,1765000,PPIR,1,Pinaceae,Pinus,Pinus pinaster,0,0,19.7538425,55.8343384615385,3.35753899415492,0.44302767997764
28351775,Spain,2835000,1775000,PPIA,1,Pinaceae,Pinus,Pinus pinea,0,1,22.67,626.188823529412,4.21617610101935,0.517861700163796
28351785,Spain,2835000,1785000,PPIA,1,Pinaceae,Pinus,Pinus pinea,0,1,22.67,626.188823529412,4.21617610101935,0.517861700163796
28351795,Spain,2835000,1795000,PPIA,1,Pinaceae,Pinus,Pinus pinea,0,1,22.67,626.188823529412,4.21617610101935,0.517861700163796
28351805,Spain,2835000,1805000,PPIA,1,Pinaceae,Pinus,Pinus pinea,0,1,22.67,626.188823529412,4.21617610101935,0.517861700163796
28351805,Spain,2835000,1805000,PPIR,1,Pinaceae,Pinus,Pinus pinaster,0,0,19.7538425,55.8343384615385,3.35753899415492,0.44302767997764
28351825,Spain,2835000,1825000,PPIA,1,Pinaceae,Pinus,Pinus pinea,0,1,22.67,626.188823529412,4.21617610101935,0.517861700163796
28351825,Spain,2835000,1825000,PPIR,1,Pinaceae,Pinus,Pinus pinaster,0,0,19.7538425,55.8343384615385,3.35753899415492,0.44302767997764
28351835,Spain,2835000,1835000,PPIA,1,Pinaceae,Pinus,Pinus pinea,0,1,22.67,626.188823529412,4.21617610101935,0.517861700163796
28351835,Spain,2835000,1835000,PPIR,1,Pinaceae,Pinus,Pinus pinaster,0,0,19.7538425,55.8343384615385,3.35753899415492,0.44302767997764
28351965,Portugal,2835000,1965000,PPIR,1,Pinaceae,Pinus,Pinus pinaster,0,0,19.7538425,55.8343384615385,3.35753899415492,0.44302767997764
28351975,Portugal,2835000,1975000,PPIR,1,Pinaceae,Pinus,Pinus pinaster,0,0,19.7538425,55.8343384615385,3.35753899415492,0.44302767997764
28352015,Portugal,2835000,2015000,PPIR,1,Pinaceae,Pinus,Pinus pinaster,0,0,19.7538425,55.8343384615385,3.35753899415492,0.44302767997764
28352025,Portugal,2835000,2025000,PPIR,1,Pinaceae,Pinus,Pinus pinaster,0,0,19.7538425,55.8343384615385,3.35753899415492,0.44302767997764
28352045,Portugal,2835000,2045000,PPIR,1,Pinaceae,Pinus,Pinus pinaster,0,0,19.7538425,55.8343384615385,3.35753899415492,0.44302767997764
28352055,Portugal,2835000,2055000,PPIR,1,Pinaceae,Pinus,Pinus pinaster,0,0,19.7538425,55.8343384615385,3.35753899415492,0.44302767997764
28352065,Portugal,2835000,2065000,JOXY,1,Cupressaceae,Juniperus,Juniperus oxycedrus,0,0,5.80013333333333,59.2821428571429,5.90415540009894,0.279608734499912
28352065,Portugal,2835000,2065000,PPIR,1,Pinaceae,Pinus,Pinus pinaster,0,0,19.7538425,55.8343384615385,3.35753899415492,0.44302767997764
28352085,Portugal,2835000,2085000,JCOM,1,Cupressaceae,Juniperus,Juniperus communis,0,0,6.89471111111111,14.5568754256278,6.87788947666667,0.580550349059571
28352085,Portugal,2835000,2085000,PPIR,1,Pinaceae,Pinus,Pinus pinaster,0,0,19.7538425,55.8343384615385,3.35753899415492,0.44302767997764
28352085,Portugal,2835000,2085000,TBAC,1,Taxaceae,Taxus,Taxus baccata,0,0,16.2798181818182,53.7944269878574,10.6,0.603691228532326
28352095,Portugal,2835000,2095000,PPIR,1,Pinaceae,Pinus,Pinus pinaster,0,0,19.7538425,55.8343384615385,3.35753899415492,0.44302767997764
28352105,Portugal,2835000,2105000,PPIR,1,Pinaceae,Pinus,Pinus pinaster,0,0,19.7538425,55.8343384615385,3.35753899415492,0.44302767997764
28352115,Portugal,2835000,2115000,PPIR,1,Pinaceae,Pinus,Pinus pinaster,0,0,19.7538425,55.8343384615385,3.35753899415492,0.44302767997764
28352165,Portugal,2835000,2165000,PPIR,1,Pinaceae,Pinus,Pinus pinaster,0,0,19.7538425,55.8343384615385,3.35753899415492,0.44302767997764
28352175,Portugal,2835000,2175000,PPIR,1,Pinaceae,Pinus,Pinus pinaster,0,0,19.7538425,55.8343384615385,3.35753899415492,0.44302767997764
28451705,Spain,2845000,1705000,JPHO,1,Cupressaceae,Juniperus,Juniperus phoenicea,0,0,4.8815,79.86,4.365245967,0.64875
28451705,Spain,2845000,1705000,PPIA,1,Pinaceae,Pinus,Pinus pinea,0,1,22.67,626.188823529412,4.21617610101935,0.517861700163796
28451715,Spain,2845000,1715000,JPHO,1,Cupressaceae,Juniperus,Juniperus phoenicea,0,0,4.8815,79.86,4.365245967,0.64875
28451715,Spain,2845000,1715000,PPIA,1,Pinaceae,Pinus,Pinus pinea,0,1,22.67,626.188823529412,4.21617610101935,0.517861700163796
28451725,Spain,2845000,1725000,PPIA,1,Pinaceae,Pinus,Pinus pinea,0,1,22.67,626.188823529412,4.21617610101935,0.517861700163796
28451735,Spain,2845000,1735000,PPIA,1,Pinaceae,Pinus,Pinus pinea,0,1,22.67,626.188823529412,4.21617610101935,0.517861700163796
28451745,Spain,2845000,1745000,PPIA,1,Pinaceae,Pinus,Pinus pinea,0,1,22.67,626.188823529412,4.21617610101935,0.517861700163796
28451755,Spain,2845000,1755000,PPIA,1,Pinaceae,Pinus,Pinus pinea,0,1,22.67,626.188823529412,4.21617610101935,0.517861700163796
28451765,Spain,2845000,1765000,PPIA,1,Pinaceae,Pinus,Pinus pinea,0,1,22.67,626.188823529412,4.21617610101935,0.517861700163796
28451765,Spain,2845000,1765000,PPIR,1,Pinaceae,Pinus,Pinus pinaster,0,0,19.7538425,55.8343384615385,3.35753899415492,0.44302767997764
28451775,Spain,2845000,1775000,PPIA,1,Pinaceae,Pinus,Pinus pinea,0,1,22.67,626.188823529412,4.21617610101935,0.517861700163796
28451775,Spain,2845000,1775000,PPIR,1,Pinaceae,Pinus,Pinus pinaster,0,0,19.7538425,55.8343384615385,3.35753899415492,0.44302767997764
28451785,Spain,2845000,1785000,PPIA,1,Pinaceae,Pinus,Pinus pinea,0,1,22.67,626.188823529412,4.21617610101935,0.517861700163796
28451795,Spain,2845000,1795000,PPIA,1,Pinaceae,Pinus,Pinus pinea,0,1,22.67,626.188823529412,4.21617610101935,0.517861700163796
28451795,Spain,2845000,1795000,PPIR,1,Pinaceae,Pinus,Pinus pinaster,0,0,19.7538425,55.8343384615385,3.35753899415492,0.44302767997764
28451805,Spain,2845000,1805000,PPIA,1,Pinaceae,Pinus,Pinus pinea,0,1,22.67,626.188823529412,4.21617610101935,0.517861700163796
28451805,Spain,2845000,1805000,PPIR,1,Pinaceae,Pinus,Pinus pinaster,0,0,19.7538425,55.8343384615385,3.35753899415492,0.44302767997764
28451815,Spain,2845000,1815000,PPIR,1,Pinaceae,Pinus,Pinus pinaster,0,0,19.7538425,55.8343384615385,3.35753899415492,0.44302767997764
28451825,Spain,2845000,1825000,PPIA,1,Pinaceae,Pinus,Pinus pinea,0,1,22.67,626.188823529412,4.21617610101935,0.517861700163796
28451825,Spain,2845000,1825000,PPIR,1,Pinaceae,Pinus,Pinus pinaster,0,0,19.7538425,55.8343384615385,3.35753899415492,0.44302767997764
28451855,Spain,2845000,1855000,PPIA,1,Pinaceae,Pinus,Pinus pinea,0,1,22.67,626.188823529412,4.21617610101935,0.517861700163796
28451915,Spain,2845000,1915000,PPIA,1,Pinaceae,Pinus,Pinus pinea,0,1,22.67,626.188823529412,4.21617610101935,0.517861700163796
28451925,Spain,2845000,1925000,PPIA,1,Pinaceae,Pinus,Pinus pinea,0,1,22.67,626.188823529412,4.21617610101935,0.517861700163796
28451925,Spain,2845000,1925000,PPIR,1,Pinaceae,Pinus,Pinus pinaster,0,0,19.7538425,55.8343384615385,3.35753899415492,0.44302767997764
28451965,Spain,2845000,1965000,PPIR,1,Pinaceae,Pinus,Pinus pinaster,0,0,19.7538425,55.8343384615385,3.35753899415492,0.44302767997764
28451995,Spain,2845000,1995000,PPIR,1,Pinaceae,Pinus,Pinus pinaster,0,0,19.7538425,55.8343384615385,3.35753899415492,0.44302767997764
28452005,Spain,2845000,2005000,PPIR,1,Pinaceae,Pinus,Pinus pinaster,0,0,19.7538425,55.8343384615385,3.35753899415492,0.44302767997764
28452015,Portugal,2845000,2015000,PPIR,1,Pinaceae,Pinus,Pinus pinaster,0,0,19.7538425,55.8343384615385,3.35753899415492,0.44302767997764
28452065,Portugal,2845000,2065000,JOXY,1,Cupressaceae,Juniperus,Juniperus oxycedrus,0,0,5.80013333333333,59.2821428571429,5.90415540009894,0.279608734499912
28452065,Portugal,2845000,2065000,PPIR,1,Pinaceae,Pinus,Pinus pinaster,0,0,19.7538425,55.8343384615385,3.35753899415492,0.44302767997764
28452075,Portugal,2845000,2075000,PPIR,1,Pinaceae,Pinus,Pinus pinaster,0,0,19.7538425,55.8343384615385,3.35753899415492,0.44302767997764
28452095,Portugal,2845000,2095000,JCOM,1,Cupressaceae,Juniperus,Juniperus communis,0,0,6.89471111111111,14.5568754256278,6.87788947666667,0.580550349059571
28452095,Portugal,2845000,2095000,PPIR,1,Pinaceae,Pinus,Pinus pinaster,0,0,19.7538425,55.8343384615385,3.35753899415492,0.44302767997764
28452095,Portugal,2845000,2095000,TBAC,1,Taxaceae,Taxus,Taxus baccata,0,0,16.2798181818182,53.7944269878574,10.6,0.603691228532326
28452105,Portugal,2845000,2105000,PPIR,1,Pinaceae,Pinus,Pinus pinaster,0,0,19.7538425,55.8343384615385,3.35753899415492,0.44302767997764
28452145,Portugal,2845000,2145000,PPIR,1,Pinaceae,Pinus,Pinus pinaster,0,0,19.7538425,55.8343384615385,3.35753899415492,0.44302767997764
28452165,Portugal,2845000,2165000,PPIR,1,Pinaceae,Pinus,Pinus pinaster,0,0,19.7538425,55.8343384615385,3.35753899415492,0.44302767997764
28452175,Portugal,2845000,2175000,JOXY,1,Cupressaceae,Juniperus,Juniperus oxycedrus,0,0,5.80013333333333,59.2821428571429,5.90415540009894,0.279608734499912
28452175,Portugal,2845000,2175000,PPIR,1,Pinaceae,Pinus,Pinus pinaster,0,0,19.7538425,55.8343384615385,3.35753899415492,0.44302767997764
28452185,Portugal,2845000,2185000,JOXY,1,Cupressaceae,Juniperus,Juniperus oxycedrus,0,0,5.80013333333333,59.2821428571429,5.90415540009894,0.279608734499912
28452195,Portugal,2845000,2195000,JOXY,1,Cupressaceae,Juniperus,Juniperus oxycedrus,0,0,5.80013333333333,59.2821428571429,5.90415540009894,0.279608734499912
28452195,Portugal,2845000,2195000,PPIR,1,Pinaceae,Pinus,Pinus pinaster,0,0,19.7538425,55.8343384615385,3.35753899415492,0.44302767997764
28452205,Portugal,2845000,2205000,JOXY,1,Cupressaceae,Juniperus,Juniperus oxycedrus,0,0,5.80013333333333,59.2821428571429,5.90415540009894,0.279608734499912
28452265,Spain,2845000,2265000,PPIR,1,Pinaceae,Pinus,Pinus pinaster,0,0,19.7538425,55.8343384615385,3.35753899415492,0.44302767997764
28452265,Spain,2845000,2265000,PSYL,1,Pinaceae,Pinus,Pinus sylvestris,0,0,24.7954163157895,8.37661247187389,4.76598775244497,0.43659440056059
28452275,Spain,2845000,2275000,PPIR,1,Pinaceae,Pinus,Pinus pinaster,0,0,19.7538425,55.8343384615385,3.35753899415492,0.44302767997764
28551675,Spain,2855000,1675000,JPHO,1,Cupressaceae,Juniperus,Juniperus phoenicea,0,0,4.8815,79.86,4.365245967,0.64875
28551675,Spain,2855000,1675000,PPIA,1,Pinaceae,Pinus,Pinus pinea,0,1,22.67,626.188823529412,4.21617610101935,0.517861700163796
28551685,Spain,2855000,1685000,JPHO,1,Cupressaceae,Juniperus,Juniperus phoenicea,0,0,4.8815,79.86,4.365245967,0.64875
28551685,Spain,2855000,1685000,PPIA,1,Pinaceae,Pinus,Pinus pinea,0,1,22.67,626.188823529412,4.21617610101935,0.517861700163796
28551695,Spain,2855000,1695000,JPHO,1,Cupressaceae,Juniperus,Juniperus phoenicea,0,0,4.8815,79.86,4.365245967,0.64875
28551695,Spain,2855000,1695000,PPIA,1,Pinaceae,Pinus,Pinus pinea,0,1,22.67,626.188823529412,4.21617610101935,0.517861700163796
28551705,Spain,2855000,1705000,JPHO,1,Cupressaceae,Juniperus,Juniperus phoenicea,0,0,4.8815,79.86,4.365245967,0.64875
28551705,Spain,2855000,1705000,PPIA,1,Pinaceae,Pinus,Pinus pinea,0,1,22.67,626.188823529412,4.21617610101935,0.517861700163796
28551715,Spain,2855000,1715000,JPHO,1,Cupressaceae,Juniperus,Juniperus phoenicea,0,0,4.8815,79.86,4.365245967,0.64875
28551715,Spain,2855000,1715000,PPIA,1,Pinaceae,Pinus,Pinus pinea,0,1,22.67,626.188823529412,4.21617610101935,0.517861700163796
28551725,Spain,2855000,1725000,JPHO,1,Cupressaceae,Juniperus,Juniperus phoenicea,0,0,4.8815,79.86,4.365245967,0.64875
28551725,Spain,2855000,1725000,PPIA,1,Pinaceae,Pinus,Pinus pinea,0,1,22.67,626.188823529412,4.21617610101935,0.517861700163796
28551735,Spain,2855000,1735000,PPIA,1,Pinaceae,Pinus,Pinus pinea,0,1,22.67,626.188823529412,4.21617610101935,0.517861700163796
28551755,Spain,2855000,1755000,PPIA,1,Pinaceae,Pinus,Pinus pinea,0,1,22.67,626.188823529412,4.21617610101935,0.517861700163796
28551755,Spain,2855000,1755000,PPIR,1,Pinaceae,Pinus,Pinus pinaster,0,0,19.7538425,55.8343384615385,3.35753899415492,0.44302767997764
28551765,Spain,2855000,1765000,PPIA,1,Pinaceae,Pinus,Pinus pinea,0,1,22.67,626.188823529412,4.21617610101935,0.517861700163796
28551765,Spain,2855000,1765000,PPIR,1,Pinaceae,Pinus,Pinus pinaster,0,0,19.7538425,55.8343384615385,3.35753899415492,0.44302767997764
28551775,Spain,2855000,1775000,PPIA,1,Pinaceae,Pinus,Pinus pinea,0,1,22.67,626.188823529412,4.21617610101935,0.517861700163796
28551775,Spain,2855000,1775000,PPIR,1,Pinaceae,Pinus,Pinus pinaster,0,0,19.7538425,55.8343384615385,3.35753899415492,0.44302767997764
28551785,Spain,2855000,1785000,PPIA,1,Pinaceae,Pinus,Pinus pinea,0,1,22.67,626.188823529412,4.21617610101935,0.517861700163796
28551785,Spain,2855000,1785000,PPIR,1,Pinaceae,Pinus,Pinus pinaster,0,0,19.7538425,55.8343384615385,3.35753899415492,0.44302767997764
28551795,Spain,2855000,1795000,PPIA,1,Pinaceae,Pinus,Pinus pinea,0,1,22.67,626.188823529412,4.21617610101935,0.517861700163796
28551795,Spain,2855000,1795000,PPIR,1,Pinaceae,Pinus,Pinus pinaster,0,0,19.7538425,55.8343384615385,3.35753899415492,0.44302767997764
28551805,Spain,2855000,1805000,PPIA,1,Pinaceae,Pinus,Pinus pinea,0,1,22.67,626.188823529412,4.21617610101935,0.517861700163796
28551805,Spain,2855000,1805000,PPIR,1,Pinaceae,Pinus,Pinus pinaster,0,0,19.7538425,55.8343384615385,3.35753899415492,0.44302767997764
28551815,Spain,2855000,1815000,PPIA,1,Pinaceae,Pinus,Pinus pinea,0,1,22.67,626.188823529412,4.21617610101935,0.517861700163796
28551815,Spain,2855000,1815000,PPIR,1,Pinaceae,Pinus,Pinus pinaster,0,0,19.7538425,55.8343384615385,3.35753899415492,0.44302767997764
28551915,Spain,2855000,1915000,PPIA,1,Pinaceae,Pinus,Pinus pinea,0,1,22.67,626.188823529412,4.21617610101935,0.517861700163796
28551995,Spain,2855000,1995000,PPIR,1,Pinaceae,Pinus,Pinus pinaster,0,0,19.7538425,55.8343384615385,3.35753899415492,0.44302767997764
28552095,Portugal,2855000,2095000,PPIR,1,Pinaceae,Pinus,Pinus pinaster,0,0,19.7538425,55.8343384615385,3.35753899415492,0.44302767997764
28552115,Portugal,2855000,2115000,PPIR,1,Pinaceae,Pinus,Pinus pinaster,0,0,19.7538425,55.8343384615385,3.35753899415492,0.44302767997764
28552125,Portugal,2855000,2125000,PPIR,1,Pinaceae,Pinus,Pinus pinaster,0,0,19.7538425,55.8343384615385,3.35753899415492,0.44302767997764
28552135,Portugal,2855000,2135000,PPIR,1,Pinaceae,Pinus,Pinus pinaster,0,0,19.7538425,55.8343384615385,3.35753899415492,0.44302767997764
28552155,Portugal,2855000,2155000,PPIR,1,Pinaceae,Pinus,Pinus pinaster,0,0,19.7538425,55.8343384615385,3.35753899415492,0.44302767997764
28552165,Portugal,2855000,2165000,JOXY,1,Cupressaceae,Juniperus,Juniperus oxycedrus,0,0,5.80013333333333,59.2821428571429,5.90415540009894,0.279608734499912
28552165,Portugal,2855000,2165000,PPIR,1,Pinaceae,Pinus,Pinus pinaster,0,0,19.7538425,55.8343384615385,3.35753899415492,0.44302767997764
28552175,Portugal,2855000,2175000,JOXY,1,Cupressaceae,Juniperus,Juniperus oxycedrus,0,0,5.80013333333333,59.2821428571429,5.90415540009894,0.279608734499912
28552175,Portugal,2855000,2175000,PPIR,1,Pinaceae,Pinus,Pinus pinaster,0,0,19.7538425,55.8343384615385,3.35753899415492,0.44302767997764
28552185,Portugal,2855000,2185000,PPIR,1,Pinaceae,Pinus,Pinus pinaster,0,0,19.7538425,55.8343384615385,3.35753899415492,0.44302767997764
28552195,Portugal,2855000,2195000,JOXY,1,Cupressaceae,Juniperus,Juniperus oxycedrus,0,0,5.80013333333333,59.2821428571429,5.90415540009894,0.279608734499912
28552195,Portugal,2855000,2195000,PPIR,1,Pinaceae,Pinus,Pinus pinaster,0,0,19.7538425,55.8343384615385,3.35753899415492,0.44302767997764
28552205,Portugal,2855000,2205000,PPIR,1,Pinaceae,Pinus,Pinus pinaster,0,0,19.7538425,55.8343384615385,3.35753899415492,0.44302767997764
28552215,Portugal,2855000,2215000,PPIR,1,Pinaceae,Pinus,Pinus pinaster,0,0,19.7538425,55.8343384615385,3.35753899415492,0.44302767997764
28552225,Portugal,2855000,2225000,PPIR,1,Pinaceae,Pinus,Pinus pinaster,0,0,19.7538425,55.8343384615385,3.35753899415492,0.44302767997764
28552265,Spain,2855000,2265000,PPIR,1,Pinaceae,Pinus,Pinus pinaster,0,0,19.7538425,55.8343384615385,3.35753899415492,0.44302767997764
28552265,Spain,2855000,2265000,PSYL,1,Pinaceae,Pinus,Pinus sylvestris,0,0,24.7954163157895,8.37661247187389,4.76598775244497,0.43659440056059
28651625,Spain,2865000,1625000,JPHO,1,Cupressaceae,Juniperus,Juniperus phoenicea,0,0,4.8815,79.86,4.365245967,0.64875
28651635,Spain,2865000,1635000,JPHO,1,Cupressaceae,Juniperus,Juniperus phoenicea,0,0,4.8815,79.86,4.365245967,0.64875
28651635,Spain,2865000,1635000,PPIA,1,Pinaceae,Pinus,Pinus pinea,0,1,22.67,626.188823529412,4.21617610101935,0.517861700163796
28651645,Spain,2865000,1645000,JPHO,1,Cupressaceae,Juniperus,Juniperus phoenicea,0,0,4.8815,79.86,4.365245967,0.64875
28651645,Spain,2865000,1645000,PPIA,1,Pinaceae,Pinus,Pinus pinea,0,1,22.67,626.188823529412,4.21617610101935,0.517861700163796
28651655,Spain,2865000,1655000,JPHO,1,Cupressaceae,Juniperus,Juniperus phoenicea,0,0,4.8815,79.86,4.365245967,0.64875
28651655,Spain,2865000,1655000,PPIA,1,Pinaceae,Pinus,Pinus pinea,0,1,22.67,626.188823529412,4.21617610101935,0.517861700163796
28651685,Spain,2865000,1685000,JPHO,1,Cupressaceae,Juniperus,Juniperus phoenicea,0,0,4.8815,79.86,4.365245967,0.64875
28651685,Spain,2865000,1685000,PPIA,1,Pinaceae,Pinus,Pinus pinea,0,1,22.67,626.188823529412,4.21617610101935,0.517861700163796
28651695,Spain,2865000,1695000,PPIA,1,Pinaceae,Pinus,Pinus pinea,0,1,22.67,626.188823529412,4.21617610101935,0.517861700163796
28651715,Spain,2865000,1715000,JPHO,1,Cupressaceae,Juniperus,Juniperus phoenicea,0,0,4.8815,79.86,4.365245967,0.64875
28651715,Spain,2865000,1715000,PPIA,1,Pinaceae,Pinus,Pinus pinea,0,1,22.67,626.188823529412,4.21617610101935,0.517861700163796
28651725,Spain,2865000,1725000,PPIA,1,Pinaceae,Pinus,Pinus pinea,0,1,22.67,626.188823529412,4.21617610101935,0.517861700163796
28651735,Spain,2865000,1735000,JPHO,1,Cupressaceae,Juniperus,Juniperus phoenicea,0,0,4.8815,79.86,4.365245967,0.64875
28651735,Spain,2865000,1735000,PPIA,1,Pinaceae,Pinus,Pinus pinea,0,1,22.67,626.188823529412,4.21617610101935,0.517861700163796
28651745,Spain,2865000,1745000,PPIA,1,Pinaceae,Pinus,Pinus pinea,0,1,22.67,626.188823529412,4.21617610101935,0.517861700163796
28651755,Spain,2865000,1755000,PPIA,1,Pinaceae,Pinus,Pinus pinea,0,1,22.67,626.188823529412,4.21617610101935,0.517861700163796
28651765,Spain,2865000,1765000,PPIA,1,Pinaceae,Pinus,Pinus pinea,0,1,22.67,626.188823529412,4.21617610101935,0.517861700163796
28651765,Spain,2865000,1765000,PPIR,1,Pinaceae,Pinus,Pinus pinaster,0,0,19.7538425,55.8343384615385,3.35753899415492,0.44302767997764
28651775,Spain,2865000,1775000,PPIA,1,Pinaceae,Pinus,Pinus pinea,0,1,22.67,626.188823529412,4.21617610101935,0.517861700163796
28651775,Spain,2865000,1775000,PPIR,1,Pinaceae,Pinus,Pinus pinaster,0,0,19.7538425,55.8343384615385,3.35753899415492,0.44302767997764
28651785,Spain,2865000,1785000,PPIA,1,Pinaceae,Pinus,Pinus pinea,0,1,22.67,626.188823529412,4.21617610101935,0.517861700163796
28651785,Spain,2865000,1785000,PPIR,1,Pinaceae,Pinus,Pinus pinaster,0,0,19.7538425,55.8343384615385,3.35753899415492,0.44302767997764
28651795,Spain,2865000,1795000,PPIA,1,Pinaceae,Pinus,Pinus pinea,0,1,22.67,626.188823529412,4.21617610101935,0.517861700163796
28651795,Spain,2865000,1795000,PPIR,1,Pinaceae,Pinus,Pinus pinaster,0,0,19.7538425,55.8343384615385,3.35753899415492,0.44302767997764
28651805,Spain,2865000,1805000,PPIA,1,Pinaceae,Pinus,Pinus pinea,0,1,22.67,626.188823529412,4.21617610101935,0.517861700163796
28651805,Spain,2865000,1805000,PPIR,1,Pinaceae,Pinus,Pinus pinaster,0,0,19.7538425,55.8343384615385,3.35753899415492,0.44302767997764
28651815,Spain,2865000,1815000,PPIR,1,Pinaceae,Pinus,Pinus pinaster,0,0,19.7538425,55.8343384615385,3.35753899415492,0.44302767997764
28651885,Spain,2865000,1885000,JOXY,1,Cupressaceae,Juniperus,Juniperus oxycedrus,0,0,5.80013333333333,59.2821428571429,5.90415540009894,0.279608734499912
28651895,Spain,2865000,1895000,PPIA,1,Pinaceae,Pinus,Pinus pinea,0,1,22.67,626.188823529412,4.21617610101935,0.517861700163796
28652075,Portugal,2865000,2075000,PPIR,1,Pinaceae,Pinus,Pinus pinaster,0,0,19.7538425,55.8343384615385,3.35753899415492,0.44302767997764
28652095,Portugal,2865000,2095000,PPIR,1,Pinaceae,Pinus,Pinus pinaster,0,0,19.7538425,55.8343384615385,3.35753899415492,0.44302767997764
28652105,Portugal,2865000,2105000,PPIR,1,Pinaceae,Pinus,Pinus pinaster,0,0,19.7538425,55.8343384615385,3.35753899415492,0.44302767997764
28652115,Portugal,2865000,2115000,PPIR,1,Pinaceae,Pinus,Pinus pinaster,0,0,19.7538425,55.8343384615385,3.35753899415492,0.44302767997764
28652125,Portugal,2865000,2125000,JOXY,1,Cupressaceae,Juniperus,Juniperus oxycedrus,0,0,5.80013333333333,59.2821428571429,5.90415540009894,0.279608734499912
28652125,Portugal,2865000,2125000,PPIR,1,Pinaceae,Pinus,Pinus pinaster,0,0,19.7538425,55.8343384615385,3.35753899415492,0.44302767997764
28652135,Portugal,2865000,2135000,PPIR,1,Pinaceae,Pinus,Pinus pinaster,0,0,19.7538425,55.8343384615385,3.35753899415492,0.44302767997764
28652155,Portugal,2865000,2155000,PPIR,1,Pinaceae,Pinus,Pinus pinaster,0,0,19.7538425,55.8343384615385,3.35753899415492,0.44302767997764
28652175,Portugal,2865000,2175000,JOXY,1,Cupressaceae,Juniperus,Juniperus oxycedrus,0,0,5.80013333333333,59.2821428571429,5.90415540009894,0.279608734499912
28652175,Portugal,2865000,2175000,PPIR,1,Pinaceae,Pinus,Pinus pinaster,0,0,19.7538425,55.8343384615385,3.35753899415492,0.44302767997764
28652185,Portugal,2865000,2185000,JOXY,1,Cupressaceae,Juniperus,Juniperus oxycedrus,0,0,5.80013333333333,59.2821428571429,5.90415540009894,0.279608734499912
28652185,Portugal,2865000,2185000,PPIR,1,Pinaceae,Pinus,Pinus pinaster,0,0,19.7538425,55.8343384615385,3.35753899415492,0.44302767997764
28652195,Portugal,2865000,2195000,JOXY,1,Cupressaceae,Juniperus,Juniperus oxycedrus,0,0,5.80013333333333,59.2821428571429,5.90415540009894,0.279608734499912
28652205,Portugal,2865000,2205000,JOXY,1,Cupressaceae,Juniperus,Juniperus oxycedrus,0,0,5.80013333333333,59.2821428571429,5.90415540009894,0.279608734499912
28652205,Portugal,2865000,2205000,PPIR,1,Pinaceae,Pinus,Pinus pinaster,0,0,19.7538425,55.8343384615385,3.35753899415492,0.44302767997764
28652215,Portugal,2865000,2215000,PPIR,1,Pinaceae,Pinus,Pinus pinaster,0,0,19.7538425,55.8343384615385,3.35753899415492,0.44302767997764
28652225,Portugal,2865000,2225000,PPIR,1,Pinaceae,Pinus,Pinus pinaster,0,0,19.7538425,55.8343384615385,3.35753899415492,0.44302767997764
28652235,Portugal,2865000,2235000,PPIR,1,Pinaceae,Pinus,Pinus pinaster,0,0,19.7538425,55.8343384615385,3.35753899415492,0.44302767997764
28652245,Portugal,2865000,2245000,PPIR,1,Pinaceae,Pinus,Pinus pinaster,0,0,19.7538425,55.8343384615385,3.35753899415492,0.44302767997764
28652315,Spain,2865000,2315000,PPIR,1,Pinaceae,Pinus,Pinus pinaster,0,0,19.7538425,55.8343384615385,3.35753899415492,0.44302767997764
28652325,Spain,2865000,2325000,PPIR,1,Pinaceae,Pinus,Pinus pinaster,0,0,19.7538425,55.8343384615385,3.35753899415492,0.44302767997764
28751605,Spain,2875000,1605000,JMAC,1,Cupressaceae,Juniperus,Juniperus macrocarpa,0,0,5,8.55,NA,NA
28751605,Spain,2875000,1605000,JPHO,1,Cupressaceae,Juniperus,Juniperus phoenicea,0,0,4.8815,79.86,4.365245967,0.64875
28751605,Spain,2875000,1605000,PPIA,1,Pinaceae,Pinus,Pinus pinea,0,1,22.67,626.188823529412,4.21617610101935,0.517861700163796
28751615,Spain,2875000,1615000,JPHO,1,Cupressaceae,Juniperus,Juniperus phoenicea,0,0,4.8815,79.86,4.365245967,0.64875
28751615,Spain,2875000,1615000,PPIA,1,Pinaceae,Pinus,Pinus pinea,0,1,22.67,626.188823529412,4.21617610101935,0.517861700163796
28751625,Spain,2875000,1625000,PPIA,1,Pinaceae,Pinus,Pinus pinea,0,1,22.67,626.188823529412,4.21617610101935,0.517861700163796
28751635,Spain,2875000,1635000,JPHO,1,Cupressaceae,Juniperus,Juniperus phoenicea,0,0,4.8815,79.86,4.365245967,0.64875
28751635,Spain,2875000,1635000,PPIA,1,Pinaceae,Pinus,Pinus pinea,0,1,22.67,626.188823529412,4.21617610101935,0.517861700163796
28751645,Spain,2875000,1645000,JPHO,1,Cupressaceae,Juniperus,Juniperus phoenicea,0,0,4.8815,79.86,4.365245967,0.64875
28751645,Spain,2875000,1645000,PPIA,1,Pinaceae,Pinus,Pinus pinea,0,1,22.67,626.188823529412,4.21617610101935,0.517861700163796
28751655,Spain,2875000,1655000,JPHO,1,Cupressaceae,Juniperus,Juniperus phoenicea,0,0,4.8815,79.86,4.365245967,0.64875
28751655,Spain,2875000,1655000,PPIA,1,Pinaceae,Pinus,Pinus pinea,0,1,22.67,626.188823529412,4.21617610101935,0.517861700163796
28751665,Spain,2875000,1665000,JPHO,1,Cupressaceae,Juniperus,Juniperus phoenicea,0,0,4.8815,79.86,4.365245967,0.64875
28751665,Spain,2875000,1665000,PPIA,1,Pinaceae,Pinus,Pinus pinea,0,1,22.67,626.188823529412,4.21617610101935,0.517861700163796
28751725,Spain,2875000,1725000,PPIA,1,Pinaceae,Pinus,Pinus pinea,0,1,22.67,626.188823529412,4.21617610101935,0.517861700163796
28751735,Spain,2875000,1735000,PPIA,1,Pinaceae,Pinus,Pinus pinea,0,1,22.67,626.188823529412,4.21617610101935,0.517861700163796
28751745,Spain,2875000,1745000,PPIA,1,Pinaceae,Pinus,Pinus pinea,0,1,22.67,626.188823529412,4.21617610101935,0.517861700163796
28751765,Spain,2875000,1765000,PPIA,1,Pinaceae,Pinus,Pinus pinea,0,1,22.67,626.188823529412,4.21617610101935,0.517861700163796
28751765,Spain,2875000,1765000,PPIR,1,Pinaceae,Pinus,Pinus pinaster,0,0,19.7538425,55.8343384615385,3.35753899415492,0.44302767997764
28751775,Spain,2875000,1775000,PPIA,1,Pinaceae,Pinus,Pinus pinea,0,1,22.67,626.188823529412,4.21617610101935,0.517861700163796
28751775,Spain,2875000,1775000,PPIR,1,Pinaceae,Pinus,Pinus pinaster,0,0,19.7538425,55.8343384615385,3.35753899415492,0.44302767997764
28751785,Spain,2875000,1785000,PPIA,1,Pinaceae,Pinus,Pinus pinea,0,1,22.67,626.188823529412,4.21617610101935,0.517861700163796
28751785,Spain,2875000,1785000,PPIR,1,Pinaceae,Pinus,Pinus pinaster,0,0,19.7538425,55.8343384615385,3.35753899415492,0.44302767997764
28751795,Spain,2875000,1795000,PPIA,1,Pinaceae,Pinus,Pinus pinea,0,1,22.67,626.188823529412,4.21617610101935,0.517861700163796
28751795,Spain,2875000,1795000,PPIR,1,Pinaceae,Pinus,Pinus pinaster,0,0,19.7538425,55.8343384615385,3.35753899415492,0.44302767997764
28751805,Spain,2875000,1805000,PPIR,1,Pinaceae,Pinus,Pinus pinaster,0,0,19.7538425,55.8343384615385,3.35753899415492,0.44302767997764
28751825,Spain,2875000,1825000,PPIA,1,Pinaceae,Pinus,Pinus pinea,0,1,22.67,626.188823529412,4.21617610101935,0.517861700163796
28751865,Spain,2875000,1865000,PPIA,1,Pinaceae,Pinus,Pinus pinea,0,1,22.67,626.188823529412,4.21617610101935,0.517861700163796
28751975,Spain,2875000,1975000,PPIR,1,Pinaceae,Pinus,Pinus pinaster,0,0,19.7538425,55.8343384615385,3.35753899415492,0.44302767997764
28752055,Portugal,2875000,2055000,PPIR,1,Pinaceae,Pinus,Pinus pinaster,0,0,19.7538425,55.8343384615385,3.35753899415492,0.44302767997764
28752065,Portugal,2875000,2065000,PPIR,1,Pinaceae,Pinus,Pinus pinaster,0,0,19.7538425,55.8343384615385,3.35753899415492,0.44302767997764
28752075,Portugal,2875000,2075000,PPIR,1,Pinaceae,Pinus,Pinus pinaster,0,0,19.7538425,55.8343384615385,3.35753899415492,0.44302767997764
28752085,Portugal,2875000,2085000,PPIR,1,Pinaceae,Pinus,Pinus pinaster,0,0,19.7538425,55.8343384615385,3.35753899415492,0.44302767997764
28752125,Portugal,2875000,2125000,PPIR,1,Pinaceae,Pinus,Pinus pinaster,0,0,19.7538425,55.8343384615385,3.35753899415492,0.44302767997764
28752135,Portugal,2875000,2135000,JOXY,1,Cupressaceae,Juniperus,Juniperus oxycedrus,0,0,5.80013333333333,59.2821428571429,5.90415540009894,0.279608734499912
28752155,Portugal,2875000,2155000,PPIR,1,Pinaceae,Pinus,Pinus pinaster,0,0,19.7538425,55.8343384615385,3.35753899415492,0.44302767997764
28752165,Portugal,2875000,2165000,JOXY,1,Cupressaceae,Juniperus,Juniperus oxycedrus,0,0,5.80013333333333,59.2821428571429,5.90415540009894,0.279608734499912
28752165,Portugal,2875000,2165000,PPIR,1,Pinaceae,Pinus,Pinus pinaster,0,0,19.7538425,55.8343384615385,3.35753899415492,0.44302767997764
28752185,Portugal,2875000,2185000,JOXY,1,Cupressaceae,Juniperus,Juniperus oxycedrus,0,0,5.80013333333333,59.2821428571429,5.90415540009894,0.279608734499912
28752185,Portugal,2875000,2185000,PPIR,1,Pinaceae,Pinus,Pinus pinaster,0,0,19.7538425,55.8343384615385,3.35753899415492,0.44302767997764
28752195,Portugal,2875000,2195000,JOXY,1,Cupressaceae,Juniperus,Juniperus oxycedrus,0,0,5.80013333333333,59.2821428571429,5.90415540009894,0.279608734499912
28752195,Portugal,2875000,2195000,PPIR,1,Pinaceae,Pinus,Pinus pinaster,0,0,19.7538425,55.8343384615385,3.35753899415492,0.44302767997764
28752205,Portugal,2875000,2205000,JOXY,1,Cupressaceae,Juniperus,Juniperus oxycedrus,0,0,5.80013333333333,59.2821428571429,5.90415540009894,0.279608734499912
28752225,Portugal,2875000,2225000,PPIR,1,Pinaceae,Pinus,Pinus pinaster,0,0,19.7538425,55.8343384615385,3.35753899415492,0.44302767997764
28752235,Portugal,2875000,2235000,PPIR,1,Pinaceae,Pinus,Pinus pinaster,0,0,19.7538425,55.8343384615385,3.35753899415492,0.44302767997764
28752245,Portugal,2875000,2245000,PSYL,1,Pinaceae,Pinus,Pinus sylvestris,0,0,24.7954163157895,8.37661247187389,4.76598775244497,0.43659440056059
28752255,Spain,2875000,2255000,PPIR,1,Pinaceae,Pinus,Pinus pinaster,0,0,19.7538425,55.8343384615385,3.35753899415492,0.44302767997764
28752255,Spain,2875000,2255000,PSYL,1,Pinaceae,Pinus,Pinus sylvestris,0,0,24.7954163157895,8.37661247187389,4.76598775244497,0.43659440056059
28752265,Spain,2875000,2265000,PPIR,1,Pinaceae,Pinus,Pinus pinaster,0,0,19.7538425,55.8343384615385,3.35753899415492,0.44302767997764
28752275,Spain,2875000,2275000,PPIR,1,Pinaceae,Pinus,Pinus pinaster,0,0,19.7538425,55.8343384615385,3.35753899415492,0.44302767997764
28752305,Spain,2875000,2305000,PPIR,1,Pinaceae,Pinus,Pinus pinaster,0,0,19.7538425,55.8343384615385,3.35753899415492,0.44302767997764
28752315,Spain,2875000,2315000,PPIR,1,Pinaceae,Pinus,Pinus pinaster,0,0,19.7538425,55.8343384615385,3.35753899415492,0.44302767997764
28752325,Spain,2875000,2325000,PPIR,1,Pinaceae,Pinus,Pinus pinaster,0,0,19.7538425,55.8343384615385,3.35753899415492,0.44302767997764
28851605,Spain,2885000,1605000,JPHO,1,Cupressaceae,Juniperus,Juniperus phoenicea,0,0,4.8815,79.86,4.365245967,0.64875
28851605,Spain,2885000,1605000,PPIA,1,Pinaceae,Pinus,Pinus pinea,0,1,22.67,626.188823529412,4.21617610101935,0.517861700163796
28851605,Spain,2885000,1605000,PPIR,1,Pinaceae,Pinus,Pinus pinaster,0,0,19.7538425,55.8343384615385,3.35753899415492,0.44302767997764
28851615,Spain,2885000,1615000,JPHO,1,Cupressaceae,Juniperus,Juniperus phoenicea,0,0,4.8815,79.86,4.365245967,0.64875
28851615,Spain,2885000,1615000,PPIA,1,Pinaceae,Pinus,Pinus pinea,0,1,22.67,626.188823529412,4.21617610101935,0.517861700163796
28851645,Spain,2885000,1645000,PPIA,1,Pinaceae,Pinus,Pinus pinea,0,1,22.67,626.188823529412,4.21617610101935,0.517861700163796
28851685,Spain,2885000,1685000,PPIA,1,Pinaceae,Pinus,Pinus pinea,0,1,22.67,626.188823529412,4.21617610101935,0.517861700163796
28851725,Spain,2885000,1725000,PPIA,1,Pinaceae,Pinus,Pinus pinea,0,1,22.67,626.188823529412,4.21617610101935,0.517861700163796
28851735,Spain,2885000,1735000,PPIA,1,Pinaceae,Pinus,Pinus pinea,0,1,22.67,626.188823529412,4.21617610101935,0.517861700163796
28851755,Spain,2885000,1755000,PPIA,1,Pinaceae,Pinus,Pinus pinea,0,1,22.67,626.188823529412,4.21617610101935,0.517861700163796
28851765,Spain,2885000,1765000,PPIA,1,Pinaceae,Pinus,Pinus pinea,0,1,22.67,626.188823529412,4.21617610101935,0.517861700163796
28851775,Spain,2885000,1775000,PPIA,1,Pinaceae,Pinus,Pinus pinea,0,1,22.67,626.188823529412,4.21617610101935,0.517861700163796
28851795,Spain,2885000,1795000,PPIA,1,Pinaceae,Pinus,Pinus pinea,0,1,22.67,626.188823529412,4.21617610101935,0.517861700163796
28851815,Spain,2885000,1815000,PPIA,1,Pinaceae,Pinus,Pinus pinea,0,1,22.67,626.188823529412,4.21617610101935,0.517861700163796
28851815,Spain,2885000,1815000,PPIR,1,Pinaceae,Pinus,Pinus pinaster,0,0,19.7538425,55.8343384615385,3.35753899415492,0.44302767997764
28851855,Spain,2885000,1855000,PPIR,1,Pinaceae,Pinus,Pinus pinaster,0,0,19.7538425,55.8343384615385,3.35753899415492,0.44302767997764
28851865,Spain,2885000,1865000,PPIA,1,Pinaceae,Pinus,Pinus pinea,0,1,22.67,626.188823529412,4.21617610101935,0.517861700163796
28851945,Spain,2885000,1945000,JOXY,1,Cupressaceae,Juniperus,Juniperus oxycedrus,0,0,5.80013333333333,59.2821428571429,5.90415540009894,0.279608734499912
28851945,Spain,2885000,1945000,PPIR,1,Pinaceae,Pinus,Pinus pinaster,0,0,19.7538425,55.8343384615385,3.35753899415492,0.44302767997764
28851975,Spain,2885000,1975000,PPIR,1,Pinaceae,Pinus,Pinus pinaster,0,0,19.7538425,55.8343384615385,3.35753899415492,0.44302767997764
28852035,Spain,2885000,2035000,PPIR,1,Pinaceae,Pinus,Pinus pinaster,0,0,19.7538425,55.8343384615385,3.35753899415492,0.44302767997764
28852045,Spain,2885000,2045000,PPIR,1,Pinaceae,Pinus,Pinus pinaster,0,0,19.7538425,55.8343384615385,3.35753899415492,0.44302767997764
28852065,Spain,2885000,2065000,PPIR,1,Pinaceae,Pinus,Pinus pinaster,0,0,19.7538425,55.8343384615385,3.35753899415492,0.44302767997764
28852075,Portugal,2885000,2075000,PPIR,1,Pinaceae,Pinus,Pinus pinaster,0,0,19.7538425,55.8343384615385,3.35753899415492,0.44302767997764
28852085,Portugal,2885000,2085000,PPIR,1,Pinaceae,Pinus,Pinus pinaster,0,0,19.7538425,55.8343384615385,3.35753899415492,0.44302767997764
28852095,Portugal,2885000,2095000,PPIR,1,Pinaceae,Pinus,Pinus pinaster,0,0,19.7538425,55.8343384615385,3.35753899415492,0.44302767997764
28852125,Portugal,2885000,2125000,JOXY,1,Cupressaceae,Juniperus,Juniperus oxycedrus,0,0,5.80013333333333,59.2821428571429,5.90415540009894,0.279608734499912
28852125,Portugal,2885000,2125000,PPIR,1,Pinaceae,Pinus,Pinus pinaster,0,0,19.7538425,55.8343384615385,3.35753899415492,0.44302767997764
28852135,Portugal,2885000,2135000,PPIR,1,Pinaceae,Pinus,Pinus pinaster,0,0,19.7538425,55.8343384615385,3.35753899415492,0.44302767997764
28852145,Portugal,2885000,2145000,JOXY,1,Cupressaceae,Juniperus,Juniperus oxycedrus,0,0,5.80013333333333,59.2821428571429,5.90415540009894,0.279608734499912
28852145,Portugal,2885000,2145000,PPIR,1,Pinaceae,Pinus,Pinus pinaster,0,0,19.7538425,55.8343384615385,3.35753899415492,0.44302767997764
28852155,Portugal,2885000,2155000,JOXY,1,Cupressaceae,Juniperus,Juniperus oxycedrus,0,0,5.80013333333333,59.2821428571429,5.90415540009894,0.279608734499912
28852155,Portugal,2885000,2155000,PPIR,1,Pinaceae,Pinus,Pinus pinaster,0,0,19.7538425,55.8343384615385,3.35753899415492,0.44302767997764
28852165,Portugal,2885000,2165000,JOXY,1,Cupressaceae,Juniperus,Juniperus oxycedrus,0,0,5.80013333333333,59.2821428571429,5.90415540009894,0.279608734499912
28852165,Portugal,2885000,2165000,PPIR,1,Pinaceae,Pinus,Pinus pinaster,0,0,19.7538425,55.8343384615385,3.35753899415492,0.44302767997764
28852175,Portugal,2885000,2175000,JOXY,1,Cupressaceae,Juniperus,Juniperus oxycedrus,0,0,5.80013333333333,59.2821428571429,5.90415540009894,0.279608734499912
28852175,Portugal,2885000,2175000,PPIR,1,Pinaceae,Pinus,Pinus pinaster,0,0,19.7538425,55.8343384615385,3.35753899415492,0.44302767997764
28852185,Portugal,2885000,2185000,JOXY,1,Cupressaceae,Juniperus,Juniperus oxycedrus,0,0,5.80013333333333,59.2821428571429,5.90415540009894,0.279608734499912
28852185,Portugal,2885000,2185000,PPIR,1,Pinaceae,Pinus,Pinus pinaster,0,0,19.7538425,55.8343384615385,3.35753899415492,0.44302767997764
28852205,Portugal,2885000,2205000,PPIR,1,Pinaceae,Pinus,Pinus pinaster,0,0,19.7538425,55.8343384615385,3.35753899415492,0.44302767997764
28852215,Portugal,2885000,2215000,JOXY,1,Cupressaceae,Juniperus,Juniperus oxycedrus,0,0,5.80013333333333,59.2821428571429,5.90415540009894,0.279608734499912
28852225,Portugal,2885000,2225000,JOXY,1,Cupressaceae,Juniperus,Juniperus oxycedrus,0,0,5.80013333333333,59.2821428571429,5.90415540009894,0.279608734499912
28852225,Portugal,2885000,2225000,PPIR,1,Pinaceae,Pinus,Pinus pinaster,0,0,19.7538425,55.8343384615385,3.35753899415492,0.44302767997764
28852245,Spain,2885000,2245000,PPIR,1,Pinaceae,Pinus,Pinus pinaster,0,0,19.7538425,55.8343384615385,3.35753899415492,0.44302767997764
28852255,Spain,2885000,2255000,PPIR,1,Pinaceae,Pinus,Pinus pinaster,0,0,19.7538425,55.8343384615385,3.35753899415492,0.44302767997764
28852265,Spain,2885000,2265000,PPIR,1,Pinaceae,Pinus,Pinus pinaster,0,0,19.7538425,55.8343384615385,3.35753899415492,0.44302767997764
28852275,Spain,2885000,2275000,PPIR,1,Pinaceae,Pinus,Pinus pinaster,0,0,19.7538425,55.8343384615385,3.35753899415492,0.44302767997764
28852315,Spain,2885000,2315000,PPIR,1,Pinaceae,Pinus,Pinus pinaster,0,0,19.7538425,55.8343384615385,3.35753899415492,0.44302767997764
28852325,Spain,2885000,2325000,PPIR,1,Pinaceae,Pinus,Pinus pinaster,0,0,19.7538425,55.8343384615385,3.35753899415492,0.44302767997764
28852335,Spain,2885000,2335000,PPIR,1,Pinaceae,Pinus,Pinus pinaster,0,0,19.7538425,55.8343384615385,3.35753899415492,0.44302767997764
28951595,Spain,2895000,1595000,JMAC,1,Cupressaceae,Juniperus,Juniperus macrocarpa,0,0,5,8.55,NA,NA
28951595,Spain,2895000,1595000,JPHO,1,Cupressaceae,Juniperus,Juniperus phoenicea,0,0,4.8815,79.86,4.365245967,0.64875
28951595,Spain,2895000,1595000,PPIA,1,Pinaceae,Pinus,Pinus pinea,0,1,22.67,626.188823529412,4.21617610101935,0.517861700163796
28951655,Spain,2895000,1655000,PPIA,1,Pinaceae,Pinus,Pinus pinea,0,1,22.67,626.188823529412,4.21617610101935,0.517861700163796
28951675,Spain,2895000,1675000,JPHO,1,Cupressaceae,Juniperus,Juniperus phoenicea,0,0,4.8815,79.86,4.365245967,0.64875
28951705,Spain,2895000,1705000,JPHO,1,Cupressaceae,Juniperus,Juniperus phoenicea,0,0,4.8815,79.86,4.365245967,0.64875
28951705,Spain,2895000,1705000,PPIA,1,Pinaceae,Pinus,Pinus pinea,0,1,22.67,626.188823529412,4.21617610101935,0.517861700163796
28951725,Spain,2895000,1725000,PPIA,1,Pinaceae,Pinus,Pinus pinea,0,1,22.67,626.188823529412,4.21617610101935,0.517861700163796
28951735,Spain,2895000,1735000,PPIA,1,Pinaceae,Pinus,Pinus pinea,0,1,22.67,626.188823529412,4.21617610101935,0.517861700163796
28951775,Spain,2895000,1775000,PPIA,1,Pinaceae,Pinus,Pinus pinea,0,1,22.67,626.188823529412,4.21617610101935,0.517861700163796
28951785,Spain,2895000,1785000,PPIA,1,Pinaceae,Pinus,Pinus pinea,0,1,22.67,626.188823529412,4.21617610101935,0.517861700163796
28951795,Spain,2895000,1795000,PPIR,1,Pinaceae,Pinus,Pinus pinaster,0,0,19.7538425,55.8343384615385,3.35753899415492,0.44302767997764
28951815,Spain,2895000,1815000,PPIA,1,Pinaceae,Pinus,Pinus pinea,0,1,22.67,626.188823529412,4.21617610101935,0.517861700163796
28951815,Spain,2895000,1815000,PPIR,1,Pinaceae,Pinus,Pinus pinaster,0,0,19.7538425,55.8343384615385,3.35753899415492,0.44302767997764
28951945,Spain,2895000,1945000,PPIR,1,Pinaceae,Pinus,Pinus pinaster,0,0,19.7538425,55.8343384615385,3.35753899415492,0.44302767997764
28952035,Spain,2895000,2035000,PPIR,1,Pinaceae,Pinus,Pinus pinaster,0,0,19.7538425,55.8343384615385,3.35753899415492,0.44302767997764
28952045,Spain,2895000,2045000,PPIR,1,Pinaceae,Pinus,Pinus pinaster,0,0,19.7538425,55.8343384615385,3.35753899415492,0.44302767997764
28952055,Spain,2895000,2055000,PPIR,1,Pinaceae,Pinus,Pinus pinaster,0,0,19.7538425,55.8343384615385,3.35753899415492,0.44302767997764
28952065,Spain,2895000,2065000,JOXY,1,Cupressaceae,Juniperus,Juniperus oxycedrus,0,0,5.80013333333333,59.2821428571429,5.90415540009894,0.279608734499912
28952065,Spain,2895000,2065000,PPIR,1,Pinaceae,Pinus,Pinus pinaster,0,0,19.7538425,55.8343384615385,3.35753899415492,0.44302767997764
28952075,Spain,2895000,2075000,PPIR,1,Pinaceae,Pinus,Pinus pinaster,0,0,19.7538425,55.8343384615385,3.35753899415492,0.44302767997764
28952105,Portugal,2895000,2105000,PPIR,1,Pinaceae,Pinus,Pinus pinaster,0,0,19.7538425,55.8343384615385,3.35753899415492,0.44302767997764
28952115,Portugal,2895000,2115000,JOXY,1,Cupressaceae,Juniperus,Juniperus oxycedrus,0,0,5.80013333333333,59.2821428571429,5.90415540009894,0.279608734499912
28952115,Portugal,2895000,2115000,PPIR,1,Pinaceae,Pinus,Pinus pinaster,0,0,19.7538425,55.8343384615385,3.35753899415492,0.44302767997764
28952125,Portugal,2895000,2125000,JOXY,1,Cupressaceae,Juniperus,Juniperus oxycedrus,0,0,5.80013333333333,59.2821428571429,5.90415540009894,0.279608734499912
28952125,Portugal,2895000,2125000,PPIR,1,Pinaceae,Pinus,Pinus pinaster,0,0,19.7538425,55.8343384615385,3.35753899415492,0.44302767997764
28952135,Portugal,2895000,2135000,PPIR,1,Pinaceae,Pinus,Pinus pinaster,0,0,19.7538425,55.8343384615385,3.35753899415492,0.44302767997764
28952145,Portugal,2895000,2145000,JOXY,1,Cupressaceae,Juniperus,Juniperus oxycedrus,0,0,5.80013333333333,59.2821428571429,5.90415540009894,0.279608734499912
28952155,Portugal,2895000,2155000,JOXY,1,Cupressaceae,Juniperus,Juniperus oxycedrus,0,0,5.80013333333333,59.2821428571429,5.90415540009894,0.279608734499912
28952165,Portugal,2895000,2165000,JOXY,1,Cupressaceae,Juniperus,Juniperus oxycedrus,0,0,5.80013333333333,59.2821428571429,5.90415540009894,0.279608734499912
28952175,Portugal,2895000,2175000,JOXY,1,Cupressaceae,Juniperus,Juniperus oxycedrus,0,0,5.80013333333333,59.2821428571429,5.90415540009894,0.279608734499912
28952185,Portugal,2895000,2185000,JOXY,1,Cupressaceae,Juniperus,Juniperus oxycedrus,0,0,5.80013333333333,59.2821428571429,5.90415540009894,0.279608734499912
28952185,Portugal,2895000,2185000,PPIR,1,Pinaceae,Pinus,Pinus pinaster,0,0,19.7538425,55.8343384615385,3.35753899415492,0.44302767997764
28952195,Portugal,2895000,2195000,JOXY,1,Cupressaceae,Juniperus,Juniperus oxycedrus,0,0,5.80013333333333,59.2821428571429,5.90415540009894,0.279608734499912
28952205,Portugal,2895000,2205000,JOXY,1,Cupressaceae,Juniperus,Juniperus oxycedrus,0,0,5.80013333333333,59.2821428571429,5.90415540009894,0.279608734499912
28952215,Portugal,2895000,2215000,JOXY,1,Cupressaceae,Juniperus,Juniperus oxycedrus,0,0,5.80013333333333,59.2821428571429,5.90415540009894,0.279608734499912
28952215,Portugal,2895000,2215000,PPIR,1,Pinaceae,Pinus,Pinus pinaster,0,0,19.7538425,55.8343384615385,3.35753899415492,0.44302767997764
28952225,Portugal,2895000,2225000,JOXY,1,Cupressaceae,Juniperus,Juniperus oxycedrus,0,0,5.80013333333333,59.2821428571429,5.90415540009894,0.279608734499912
28952225,Portugal,2895000,2225000,PPIR,1,Pinaceae,Pinus,Pinus pinaster,0,0,19.7538425,55.8343384615385,3.35753899415492,0.44302767997764
28952255,Spain,2895000,2255000,PPIR,1,Pinaceae,Pinus,Pinus pinaster,0,0,19.7538425,55.8343384615385,3.35753899415492,0.44302767997764
28952265,Spain,2895000,2265000,PPIR,1,Pinaceae,Pinus,Pinus pinaster,0,0,19.7538425,55.8343384615385,3.35753899415492,0.44302767997764
28952305,Spain,2895000,2305000,PPIR,1,Pinaceae,Pinus,Pinus pinaster,0,0,19.7538425,55.8343384615385,3.35753899415492,0.44302767997764
28952315,Spain,2895000,2315000,PPIR,1,Pinaceae,Pinus,Pinus pinaster,0,0,19.7538425,55.8343384615385,3.35753899415492,0.44302767997764
28952325,Spain,2895000,2325000,PPIR,1,Pinaceae,Pinus,Pinus pinaster,0,0,19.7538425,55.8343384615385,3.35753899415492,0.44302767997764
28952335,Spain,2895000,2335000,PPIR,1,Pinaceae,Pinus,Pinus pinaster,0,0,19.7538425,55.8343384615385,3.35753899415492,0.44302767997764
29051585,Spain,2905000,1585000,JPHO,1,Cupressaceae,Juniperus,Juniperus phoenicea,0,0,4.8815,79.86,4.365245967,0.64875
29051595,Spain,2905000,1595000,JMAC,1,Cupressaceae,Juniperus,Juniperus macrocarpa,0,0,5,8.55,NA,NA
29051595,Spain,2905000,1595000,JPHO,1,Cupressaceae,Juniperus,Juniperus phoenicea,0,0,4.8815,79.86,4.365245967,0.64875
29051595,Spain,2905000,1595000,PPIA,1,Pinaceae,Pinus,Pinus pinea,0,1,22.67,626.188823529412,4.21617610101935,0.517861700163796
29051615,Spain,2905000,1615000,JPHO,1,Cupressaceae,Juniperus,Juniperus phoenicea,0,0,4.8815,79.86,4.365245967,0.64875
29051615,Spain,2905000,1615000,PPIA,1,Pinaceae,Pinus,Pinus pinea,0,1,22.67,626.188823529412,4.21617610101935,0.517861700163796
29051645,Spain,2905000,1645000,JPHO,1,Cupressaceae,Juniperus,Juniperus phoenicea,0,0,4.8815,79.86,4.365245967,0.64875
29051655,Spain,2905000,1655000,PPIA,1,Pinaceae,Pinus,Pinus pinea,0,1,22.67,626.188823529412,4.21617610101935,0.517861700163796
29051765,Spain,2905000,1765000,PPIA,1,Pinaceae,Pinus,Pinus pinea,0,1,22.67,626.188823529412,4.21617610101935,0.517861700163796
29051785,Spain,2905000,1785000,PPIA,1,Pinaceae,Pinus,Pinus pinea,0,1,22.67,626.188823529412,4.21617610101935,0.517861700163796
29051795,Spain,2905000,1795000,PPIA,1,Pinaceae,Pinus,Pinus pinea,0,1,22.67,626.188823529412,4.21617610101935,0.517861700163796
29051815,Spain,2905000,1815000,PPIR,1,Pinaceae,Pinus,Pinus pinaster,0,0,19.7538425,55.8343384615385,3.35753899415492,0.44302767997764
29051835,Spain,2905000,1835000,PPIA,1,Pinaceae,Pinus,Pinus pinea,0,1,22.67,626.188823529412,4.21617610101935,0.517861700163796
29051845,Spain,2905000,1845000,PPIA,1,Pinaceae,Pinus,Pinus pinea,0,1,22.67,626.188823529412,4.21617610101935,0.517861700163796
29051935,Spain,2905000,1935000,PPIR,1,Pinaceae,Pinus,Pinus pinaster,0,0,19.7538425,55.8343384615385,3.35753899415492,0.44302767997764
29051945,Spain,2905000,1945000,PPIR,1,Pinaceae,Pinus,Pinus pinaster,0,0,19.7538425,55.8343384615385,3.35753899415492,0.44302767997764
29052055,Spain,2905000,2055000,PPIR,1,Pinaceae,Pinus,Pinus pinaster,0,0,19.7538425,55.8343384615385,3.35753899415492,0.44302767997764
29052065,Spain,2905000,2065000,JOXY,1,Cupressaceae,Juniperus,Juniperus oxycedrus,0,0,5.80013333333333,59.2821428571429,5.90415540009894,0.279608734499912
29052065,Spain,2905000,2065000,PPIR,1,Pinaceae,Pinus,Pinus pinaster,0,0,19.7538425,55.8343384615385,3.35753899415492,0.44302767997764
29052075,Spain,2905000,2075000,PPIR,1,Pinaceae,Pinus,Pinus pinaster,0,0,19.7538425,55.8343384615385,3.35753899415492,0.44302767997764
29052085,Spain,2905000,2085000,PPIR,1,Pinaceae,Pinus,Pinus pinaster,0,0,19.7538425,55.8343384615385,3.35753899415492,0.44302767997764
29052095,Spain,2905000,2095000,PPIR,1,Pinaceae,Pinus,Pinus pinaster,0,0,19.7538425,55.8343384615385,3.35753899415492,0.44302767997764
29052135,Portugal,2905000,2135000,JOXY,1,Cupressaceae,Juniperus,Juniperus oxycedrus,0,0,5.80013333333333,59.2821428571429,5.90415540009894,0.279608734499912
29052145,Spain,2905000,2145000,JOXY,1,Cupressaceae,Juniperus,Juniperus oxycedrus,0,0,5.80013333333333,59.2821428571429,5.90415540009894,0.279608734499912
29052155,Spain,2905000,2155000,JOXY,1,Cupressaceae,Juniperus,Juniperus oxycedrus,0,0,5.80013333333333,59.2821428571429,5.90415540009894,0.279608734499912
29052155,Spain,2905000,2155000,PPIR,1,Pinaceae,Pinus,Pinus pinaster,0,0,19.7538425,55.8343384615385,3.35753899415492,0.44302767997764
29052165,Portugal,2905000,2165000,JOXY,1,Cupressaceae,Juniperus,Juniperus oxycedrus,0,0,5.80013333333333,59.2821428571429,5.90415540009894,0.279608734499912
29052175,Portugal,2905000,2175000,JOXY,1,Cupressaceae,Juniperus,Juniperus oxycedrus,0,0,5.80013333333333,59.2821428571429,5.90415540009894,0.279608734499912
29052175,Portugal,2905000,2175000,TBAC,1,Taxaceae,Taxus,Taxus baccata,0,0,16.2798181818182,53.7944269878574,10.6,0.603691228532326
29052185,Portugal,2905000,2185000,JOXY,1,Cupressaceae,Juniperus,Juniperus oxycedrus,0,0,5.80013333333333,59.2821428571429,5.90415540009894,0.279608734499912
29052185,Portugal,2905000,2185000,PPIR,1,Pinaceae,Pinus,Pinus pinaster,0,0,19.7538425,55.8343384615385,3.35753899415492,0.44302767997764
29052205,Portugal,2905000,2205000,JOXY,1,Cupressaceae,Juniperus,Juniperus oxycedrus,0,0,5.80013333333333,59.2821428571429,5.90415540009894,0.279608734499912
29052215,Portugal,2905000,2215000,JOXY,1,Cupressaceae,Juniperus,Juniperus oxycedrus,0,0,5.80013333333333,59.2821428571429,5.90415540009894,0.279608734499912
29052215,Portugal,2905000,2215000,PPIR,1,Pinaceae,Pinus,Pinus pinaster,0,0,19.7538425,55.8343384615385,3.35753899415492,0.44302767997764
29052235,Portugal,2905000,2235000,PPIR,1,Pinaceae,Pinus,Pinus pinaster,0,0,19.7538425,55.8343384615385,3.35753899415492,0.44302767997764
29052255,Portugal,2905000,2255000,PPIR,1,Pinaceae,Pinus,Pinus pinaster,0,0,19.7538425,55.8343384615385,3.35753899415492,0.44302767997764
29052265,Spain,2905000,2265000,PPIR,1,Pinaceae,Pinus,Pinus pinaster,0,0,19.7538425,55.8343384615385,3.35753899415492,0.44302767997764
29052305,Spain,2905000,2305000,PPIR,1,Pinaceae,Pinus,Pinus pinaster,0,0,19.7538425,55.8343384615385,3.35753899415492,0.44302767997764
29052315,Spain,2905000,2315000,PPIR,1,Pinaceae,Pinus,Pinus pinaster,0,0,19.7538425,55.8343384615385,3.35753899415492,0.44302767997764
29052325,Spain,2905000,2325000,PPIR,1,Pinaceae,Pinus,Pinus pinaster,0,0,19.7538425,55.8343384615385,3.35753899415492,0.44302767997764
29052335,Spain,2905000,2335000,PPIR,1,Pinaceae,Pinus,Pinus pinaster,0,0,19.7538425,55.8343384615385,3.35753899415492,0.44302767997764
29052345,Spain,2905000,2345000,PPIR,1,Pinaceae,Pinus,Pinus pinaster,0,0,19.7538425,55.8343384615385,3.35753899415492,0.44302767997764
29151585,Spain,2915000,1585000,JPHO,1,Cupressaceae,Juniperus,Juniperus phoenicea,0,0,4.8815,79.86,4.365245967,0.64875
29151585,Spain,2915000,1585000,PPIA,1,Pinaceae,Pinus,Pinus pinea,0,1,22.67,626.188823529412,4.21617610101935,0.517861700163796
29151595,Spain,2915000,1595000,PPIA,1,Pinaceae,Pinus,Pinus pinea,0,1,22.67,626.188823529412,4.21617610101935,0.517861700163796
29151595,Spain,2915000,1595000,PPIR,1,Pinaceae,Pinus,Pinus pinaster,0,0,19.7538425,55.8343384615385,3.35753899415492,0.44302767997764
29151625,Spain,2915000,1625000,PPIA,1,Pinaceae,Pinus,Pinus pinea,0,1,22.67,626.188823529412,4.21617610101935,0.517861700163796
29151635,Spain,2915000,1635000,PPIA,1,Pinaceae,Pinus,Pinus pinea,0,1,22.67,626.188823529412,4.21617610101935,0.517861700163796
29151635,Spain,2915000,1635000,PPIR,1,Pinaceae,Pinus,Pinus pinaster,0,0,19.7538425,55.8343384615385,3.35753899415492,0.44302767997764
29151655,Spain,2915000,1655000,JPHO,1,Cupressaceae,Juniperus,Juniperus phoenicea,0,0,4.8815,79.86,4.365245967,0.64875
29151665,Spain,2915000,1665000,PPIA,1,Pinaceae,Pinus,Pinus pinea,0,1,22.67,626.188823529412,4.21617610101935,0.517861700163796
29151685,Spain,2915000,1685000,JMAC,1,Cupressaceae,Juniperus,Juniperus macrocarpa,0,0,5,8.55,NA,NA
29151685,Spain,2915000,1685000,JOXY,1,Cupressaceae,Juniperus,Juniperus oxycedrus,0,0,5.80013333333333,59.2821428571429,5.90415540009894,0.279608734499912
29151695,Spain,2915000,1695000,JPHO,1,Cupressaceae,Juniperus,Juniperus phoenicea,0,0,4.8815,79.86,4.365245967,0.64875
29151695,Spain,2915000,1695000,PPIA,1,Pinaceae,Pinus,Pinus pinea,0,1,22.67,626.188823529412,4.21617610101935,0.517861700163796
29151735,Spain,2915000,1735000,PPIA,1,Pinaceae,Pinus,Pinus pinea,0,1,22.67,626.188823529412,4.21617610101935,0.517861700163796
29151745,Spain,2915000,1745000,PPIA,1,Pinaceae,Pinus,Pinus pinea,0,1,22.67,626.188823529412,4.21617610101935,0.517861700163796
29151775,Spain,2915000,1775000,PPIA,1,Pinaceae,Pinus,Pinus pinea,0,1,22.67,626.188823529412,4.21617610101935,0.517861700163796
29151785,Spain,2915000,1785000,PPIA,1,Pinaceae,Pinus,Pinus pinea,0,1,22.67,626.188823529412,4.21617610101935,0.517861700163796
29151785,Spain,2915000,1785000,PPIR,1,Pinaceae,Pinus,Pinus pinaster,0,0,19.7538425,55.8343384615385,3.35753899415492,0.44302767997764
29151795,Spain,2915000,1795000,PPIA,1,Pinaceae,Pinus,Pinus pinea,0,1,22.67,626.188823529412,4.21617610101935,0.517861700163796
29151825,Spain,2915000,1825000,PPIA,1,Pinaceae,Pinus,Pinus pinea,0,1,22.67,626.188823529412,4.21617610101935,0.517861700163796
29151845,Spain,2915000,1845000,PPIA,1,Pinaceae,Pinus,Pinus pinea,0,1,22.67,626.188823529412,4.21617610101935,0.517861700163796
29151865,Spain,2915000,1865000,JOXY,1,Cupressaceae,Juniperus,Juniperus oxycedrus,0,0,5.80013333333333,59.2821428571429,5.90415540009894,0.279608734499912
29151895,Spain,2915000,1895000,JOXY,1,Cupressaceae,Juniperus,Juniperus oxycedrus,0,0,5.80013333333333,59.2821428571429,5.90415540009894,0.279608734499912
29151925,Spain,2915000,1925000,PPIA,1,Pinaceae,Pinus,Pinus pinea,0,1,22.67,626.188823529412,4.21617610101935,0.517861700163796
29151935,Spain,2915000,1935000,PPIR,1,Pinaceae,Pinus,Pinus pinaster,0,0,19.7538425,55.8343384615385,3.35753899415492,0.44302767997764
29152005,Spain,2915000,2005000,PPIR,1,Pinaceae,Pinus,Pinus pinaster,0,0,19.7538425,55.8343384615385,3.35753899415492,0.44302767997764
29152015,Spain,2915000,2015000,PPIR,1,Pinaceae,Pinus,Pinus pinaster,0,0,19.7538425,55.8343384615385,3.35753899415492,0.44302767997764
29152055,Spain,2915000,2055000,PPIR,1,Pinaceae,Pinus,Pinus pinaster,0,0,19.7538425,55.8343384615385,3.35753899415492,0.44302767997764
29152065,Spain,2915000,2065000,PPIR,1,Pinaceae,Pinus,Pinus pinaster,0,0,19.7538425,55.8343384615385,3.35753899415492,0.44302767997764
29152075,Spain,2915000,2075000,PPIR,1,Pinaceae,Pinus,Pinus pinaster,0,0,19.7538425,55.8343384615385,3.35753899415492,0.44302767997764
29152095,Spain,2915000,2095000,PPIR,1,Pinaceae,Pinus,Pinus pinaster,0,0,19.7538425,55.8343384615385,3.35753899415492,0.44302767997764
29152135,Portugal,2915000,2135000,JOXY,1,Cupressaceae,Juniperus,Juniperus oxycedrus,0,0,5.80013333333333,59.2821428571429,5.90415540009894,0.279608734499912
29152135,Portugal,2915000,2135000,PPIR,1,Pinaceae,Pinus,Pinus pinaster,0,0,19.7538425,55.8343384615385,3.35753899415492,0.44302767997764
29152145,Spain,2915000,2145000,JOXY,1,Cupressaceae,Juniperus,Juniperus oxycedrus,0,0,5.80013333333333,59.2821428571429,5.90415540009894,0.279608734499912
29152145,Spain,2915000,2145000,PPIR,1,Pinaceae,Pinus,Pinus pinaster,0,0,19.7538425,55.8343384615385,3.35753899415492,0.44302767997764
29152155,Spain,2915000,2155000,JOXY,1,Cupressaceae,Juniperus,Juniperus oxycedrus,0,0,5.80013333333333,59.2821428571429,5.90415540009894,0.279608734499912
29152155,Spain,2915000,2155000,PPIR,1,Pinaceae,Pinus,Pinus pinaster,0,0,19.7538425,55.8343384615385,3.35753899415492,0.44302767997764
29152185,Portugal,2915000,2185000,JOXY,1,Cupressaceae,Juniperus,Juniperus oxycedrus,0,0,5.80013333333333,59.2821428571429,5.90415540009894,0.279608734499912
29152185,Portugal,2915000,2185000,PPIR,1,Pinaceae,Pinus,Pinus pinaster,0,0,19.7538425,55.8343384615385,3.35753899415492,0.44302767997764
29152195,Portugal,2915000,2195000,JOXY,1,Cupressaceae,Juniperus,Juniperus oxycedrus,0,0,5.80013333333333,59.2821428571429,5.90415540009894,0.279608734499912
29152195,Portugal,2915000,2195000,PPIR,1,Pinaceae,Pinus,Pinus pinaster,0,0,19.7538425,55.8343384615385,3.35753899415492,0.44302767997764
29152215,Portugal,2915000,2215000,JOXY,1,Cupressaceae,Juniperus,Juniperus oxycedrus,0,0,5.80013333333333,59.2821428571429,5.90415540009894,0.279608734499912
29152245,Portugal,2915000,2245000,PPIR,1,Pinaceae,Pinus,Pinus pinaster,0,0,19.7538425,55.8343384615385,3.35753899415492,0.44302767997764
29152255,Portugal,2915000,2255000,PPIR,1,Pinaceae,Pinus,Pinus pinaster,0,0,19.7538425,55.8343384615385,3.35753899415492,0.44302767997764
29152265,Spain,2915000,2265000,PPIR,1,Pinaceae,Pinus,Pinus pinaster,0,0,19.7538425,55.8343384615385,3.35753899415492,0.44302767997764
29152275,Spain,2915000,2275000,PPIR,1,Pinaceae,Pinus,Pinus pinaster,0,0,19.7538425,55.8343384615385,3.35753899415492,0.44302767997764
29152295,Spain,2915000,2295000,PPIR,1,Pinaceae,Pinus,Pinus pinaster,0,0,19.7538425,55.8343384615385,3.35753899415492,0.44302767997764
29152305,Spain,2915000,2305000,PPIR,1,Pinaceae,Pinus,Pinus pinaster,0,0,19.7538425,55.8343384615385,3.35753899415492,0.44302767997764
29152315,Spain,2915000,2315000,PPIR,1,Pinaceae,Pinus,Pinus pinaster,0,0,19.7538425,55.8343384615385,3.35753899415492,0.44302767997764
29152315,Spain,2915000,2315000,TBAC,1,Taxaceae,Taxus,Taxus baccata,0,0,16.2798181818182,53.7944269878574,10.6,0.603691228532326
29152325,Spain,2915000,2325000,PPIR,1,Pinaceae,Pinus,Pinus pinaster,0,0,19.7538425,55.8343384615385,3.35753899415492,0.44302767997764
29152325,Spain,2915000,2325000,TBAC,1,Taxaceae,Taxus,Taxus baccata,0,0,16.2798181818182,53.7944269878574,10.6,0.603691228532326
29152335,Spain,2915000,2335000,TBAC,1,Taxaceae,Taxus,Taxus baccata,0,0,16.2798181818182,53.7944269878574,10.6,0.603691228532326
29251585,Spain,2925000,1585000,PPIR,1,Pinaceae,Pinus,Pinus pinaster,0,0,19.7538425,55.8343384615385,3.35753899415492,0.44302767997764
29251595,Spain,2925000,1595000,PHAL,1,Pinaceae,Pinus,Pinus halepensis,0,0,17.53525,20.152008,4.70731096526239,0.464238275602186
29251595,Spain,2925000,1595000,PPIA,1,Pinaceae,Pinus,Pinus pinea,0,1,22.67,626.188823529412,4.21617610101935,0.517861700163796
29251595,Spain,2925000,1595000,PPIR,1,Pinaceae,Pinus,Pinus pinaster,0,0,19.7538425,55.8343384615385,3.35753899415492,0.44302767997764
29251605,Spain,2925000,1605000,PPIA,1,Pinaceae,Pinus,Pinus pinea,0,1,22.67,626.188823529412,4.21617610101935,0.517861700163796
29251605,Spain,2925000,1605000,PPIR,1,Pinaceae,Pinus,Pinus pinaster,0,0,19.7538425,55.8343384615385,3.35753899415492,0.44302767997764
29251615,Spain,2925000,1615000,PPIA,1,Pinaceae,Pinus,Pinus pinea,0,1,22.67,626.188823529412,4.21617610101935,0.517861700163796
29251625,Spain,2925000,1625000,PPIA,1,Pinaceae,Pinus,Pinus pinea,0,1,22.67,626.188823529412,4.21617610101935,0.517861700163796
29251635,Spain,2925000,1635000,PPIA,1,Pinaceae,Pinus,Pinus pinea,0,1,22.67,626.188823529412,4.21617610101935,0.517861700163796
29251635,Spain,2925000,1635000,PPIR,1,Pinaceae,Pinus,Pinus pinaster,0,0,19.7538425,55.8343384615385,3.35753899415492,0.44302767997764
29251645,Spain,2925000,1645000,JPHO,1,Cupressaceae,Juniperus,Juniperus phoenicea,0,0,4.8815,79.86,4.365245967,0.64875
29251645,Spain,2925000,1645000,PPIR,1,Pinaceae,Pinus,Pinus pinaster,0,0,19.7538425,55.8343384615385,3.35753899415492,0.44302767997764
29251665,Spain,2925000,1665000,PPIR,1,Pinaceae,Pinus,Pinus pinaster,0,0,19.7538425,55.8343384615385,3.35753899415492,0.44302767997764
29251705,Spain,2925000,1705000,PPIA,1,Pinaceae,Pinus,Pinus pinea,0,1,22.67,626.188823529412,4.21617610101935,0.517861700163796
29251715,Spain,2925000,1715000,PPIA,1,Pinaceae,Pinus,Pinus pinea,0,1,22.67,626.188823529412,4.21617610101935,0.517861700163796
29251735,Spain,2925000,1735000,PPIA,1,Pinaceae,Pinus,Pinus pinea,0,1,22.67,626.188823529412,4.21617610101935,0.517861700163796
29251765,Spain,2925000,1765000,PPIA,1,Pinaceae,Pinus,Pinus pinea,0,1,22.67,626.188823529412,4.21617610101935,0.517861700163796
29251775,Spain,2925000,1775000,PPIA,1,Pinaceae,Pinus,Pinus pinea,0,1,22.67,626.188823529412,4.21617610101935,0.517861700163796
29251785,Spain,2925000,1785000,PPIA,1,Pinaceae,Pinus,Pinus pinea,0,1,22.67,626.188823529412,4.21617610101935,0.517861700163796
29251795,Spain,2925000,1795000,JOXY,1,Cupressaceae,Juniperus,Juniperus oxycedrus,0,0,5.80013333333333,59.2821428571429,5.90415540009894,0.279608734499912
29251795,Spain,2925000,1795000,PPIA,1,Pinaceae,Pinus,Pinus pinea,0,1,22.67,626.188823529412,4.21617610101935,0.517861700163796
29251805,Spain,2925000,1805000,JOXY,1,Cupressaceae,Juniperus,Juniperus oxycedrus,0,0,5.80013333333333,59.2821428571429,5.90415540009894,0.279608734499912
29251805,Spain,2925000,1805000,PPIA,1,Pinaceae,Pinus,Pinus pinea,0,1,22.67,626.188823529412,4.21617610101935,0.517861700163796
29251815,Spain,2925000,1815000,PPIA,1,Pinaceae,Pinus,Pinus pinea,0,1,22.67,626.188823529412,4.21617610101935,0.517861700163796
29251825,Spain,2925000,1825000,PPIA,1,Pinaceae,Pinus,Pinus pinea,0,1,22.67,626.188823529412,4.21617610101935,0.517861700163796
29251875,Spain,2925000,1875000,JOXY,1,Cupressaceae,Juniperus,Juniperus oxycedrus,0,0,5.80013333333333,59.2821428571429,5.90415540009894,0.279608734499912
29251935,Spain,2925000,1935000,PPIR,1,Pinaceae,Pinus,Pinus pinaster,0,0,19.7538425,55.8343384615385,3.35753899415492,0.44302767997764
29251995,Spain,2925000,1995000,PPIR,1,Pinaceae,Pinus,Pinus pinaster,0,0,19.7538425,55.8343384615385,3.35753899415492,0.44302767997764
29252005,Spain,2925000,2005000,PPIR,1,Pinaceae,Pinus,Pinus pinaster,0,0,19.7538425,55.8343384615385,3.35753899415492,0.44302767997764
29252015,Spain,2925000,2015000,PPIR,1,Pinaceae,Pinus,Pinus pinaster,0,0,19.7538425,55.8343384615385,3.35753899415492,0.44302767997764
29252045,Spain,2925000,2045000,PPIR,1,Pinaceae,Pinus,Pinus pinaster,0,0,19.7538425,55.8343384615385,3.35753899415492,0.44302767997764
29252055,Spain,2925000,2055000,PPIR,1,Pinaceae,Pinus,Pinus pinaster,0,0,19.7538425,55.8343384615385,3.35753899415492,0.44302767997764
29252065,Spain,2925000,2065000,JOXY,1,Cupressaceae,Juniperus,Juniperus oxycedrus,0,0,5.80013333333333,59.2821428571429,5.90415540009894,0.279608734499912
29252065,Spain,2925000,2065000,PPIR,1,Pinaceae,Pinus,Pinus pinaster,0,0,19.7538425,55.8343384615385,3.35753899415492,0.44302767997764
29252075,Spain,2925000,2075000,PPIR,1,Pinaceae,Pinus,Pinus pinaster,0,0,19.7538425,55.8343384615385,3.35753899415492,0.44302767997764
29252105,Spain,2925000,2105000,PPIR,1,Pinaceae,Pinus,Pinus pinaster,0,0,19.7538425,55.8343384615385,3.35753899415492,0.44302767997764
29252115,Spain,2925000,2115000,PPIR,1,Pinaceae,Pinus,Pinus pinaster,0,0,19.7538425,55.8343384615385,3.35753899415492,0.44302767997764
29252145,Spain,2925000,2145000,JOXY,1,Cupressaceae,Juniperus,Juniperus oxycedrus,0,0,5.80013333333333,59.2821428571429,5.90415540009894,0.279608734499912
29252155,Spain,2925000,2155000,JOXY,1,Cupressaceae,Juniperus,Juniperus oxycedrus,0,0,5.80013333333333,59.2821428571429,5.90415540009894,0.279608734499912
29252165,Spain,2925000,2165000,JOXY,1,Cupressaceae,Juniperus,Juniperus oxycedrus,0,0,5.80013333333333,59.2821428571429,5.90415540009894,0.279608734499912
29252175,Portugal,2925000,2175000,JOXY,1,Cupressaceae,Juniperus,Juniperus oxycedrus,0,0,5.80013333333333,59.2821428571429,5.90415540009894,0.279608734499912
29252175,Portugal,2925000,2175000,PPIR,1,Pinaceae,Pinus,Pinus pinaster,0,0,19.7538425,55.8343384615385,3.35753899415492,0.44302767997764
29252185,Portugal,2925000,2185000,JOXY,1,Cupressaceae,Juniperus,Juniperus oxycedrus,0,0,5.80013333333333,59.2821428571429,5.90415540009894,0.279608734499912
29252185,Portugal,2925000,2185000,PPIR,1,Pinaceae,Pinus,Pinus pinaster,0,0,19.7538425,55.8343384615385,3.35753899415492,0.44302767997764
29252235,Portugal,2925000,2235000,PPIR,1,Pinaceae,Pinus,Pinus pinaster,0,0,19.7538425,55.8343384615385,3.35753899415492,0.44302767997764
29252245,Portugal,2925000,2245000,JOXY,1,Cupressaceae,Juniperus,Juniperus oxycedrus,0,0,5.80013333333333,59.2821428571429,5.90415540009894,0.279608734499912
29252255,Spain,2925000,2255000,PPIR,1,Pinaceae,Pinus,Pinus pinaster,0,0,19.7538425,55.8343384615385,3.35753899415492,0.44302767997764
29252305,Spain,2925000,2305000,PPIR,1,Pinaceae,Pinus,Pinus pinaster,0,0,19.7538425,55.8343384615385,3.35753899415492,0.44302767997764
29351595,Spain,2935000,1595000,JOXY,1,Cupressaceae,Juniperus,Juniperus oxycedrus,0,0,5.80013333333333,59.2821428571429,5.90415540009894,0.279608734499912
29351595,Spain,2935000,1595000,PPIA,1,Pinaceae,Pinus,Pinus pinea,0,1,22.67,626.188823529412,4.21617610101935,0.517861700163796
29351605,Spain,2935000,1605000,JOXY,1,Cupressaceae,Juniperus,Juniperus oxycedrus,0,0,5.80013333333333,59.2821428571429,5.90415540009894,0.279608734499912
29351605,Spain,2935000,1605000,PPIA,1,Pinaceae,Pinus,Pinus pinea,0,1,22.67,626.188823529412,4.21617610101935,0.517861700163796
29351615,Spain,2935000,1615000,JPHO,1,Cupressaceae,Juniperus,Juniperus phoenicea,0,0,4.8815,79.86,4.365245967,0.64875
29351625,Spain,2935000,1625000,PPIA,1,Pinaceae,Pinus,Pinus pinea,0,1,22.67,626.188823529412,4.21617610101935,0.517861700163796
29351645,Spain,2935000,1645000,PHAL,1,Pinaceae,Pinus,Pinus halepensis,0,0,17.53525,20.152008,4.70731096526239,0.464238275602186
29351655,Spain,2935000,1655000,APIN,1,Pinaceae,Abies,Abies pinsapo,1,0,27.3333333333333,55.52,3.42060330105,0.458650760349008
29351655,Spain,2935000,1655000,JPHO,1,Cupressaceae,Juniperus,Juniperus phoenicea,0,0,4.8815,79.86,4.365245967,0.64875
29351665,Spain,2935000,1665000,APIN,1,Pinaceae,Abies,Abies pinsapo,1,0,27.3333333333333,55.52,3.42060330105,0.458650760349008
29351665,Spain,2935000,1665000,JPHO,1,Cupressaceae,Juniperus,Juniperus phoenicea,0,0,4.8815,79.86,4.365245967,0.64875
29351665,Spain,2935000,1665000,PPIA,1,Pinaceae,Pinus,Pinus pinea,0,1,22.67,626.188823529412,4.21617610101935,0.517861700163796
29351675,Spain,2935000,1675000,JPHO,1,Cupressaceae,Juniperus,Juniperus phoenicea,0,0,4.8815,79.86,4.365245967,0.64875
29351685,Spain,2935000,1685000,PPIA,1,Pinaceae,Pinus,Pinus pinea,0,1,22.67,626.188823529412,4.21617610101935,0.517861700163796
29351765,Spain,2935000,1765000,PPIA,1,Pinaceae,Pinus,Pinus pinea,0,1,22.67,626.188823529412,4.21617610101935,0.517861700163796
29351775,Spain,2935000,1775000,PPIA,1,Pinaceae,Pinus,Pinus pinea,0,1,22.67,626.188823529412,4.21617610101935,0.517861700163796
29351785,Spain,2935000,1785000,PPIA,1,Pinaceae,Pinus,Pinus pinea,0,1,22.67,626.188823529412,4.21617610101935,0.517861700163796
29351785,Spain,2935000,1785000,PPIR,1,Pinaceae,Pinus,Pinus pinaster,0,0,19.7538425,55.8343384615385,3.35753899415492,0.44302767997764
29351835,Spain,2935000,1835000,PPIA,1,Pinaceae,Pinus,Pinus pinea,0,1,22.67,626.188823529412,4.21617610101935,0.517861700163796
29351865,Spain,2935000,1865000,JOXY,1,Cupressaceae,Juniperus,Juniperus oxycedrus,0,0,5.80013333333333,59.2821428571429,5.90415540009894,0.279608734499912
29351885,Spain,2935000,1885000,PPIA,1,Pinaceae,Pinus,Pinus pinea,0,1,22.67,626.188823529412,4.21617610101935,0.517861700163796
29352015,Spain,2935000,2015000,PPIR,1,Pinaceae,Pinus,Pinus pinaster,0,0,19.7538425,55.8343384615385,3.35753899415492,0.44302767997764
29352045,Spain,2935000,2045000,PPIR,1,Pinaceae,Pinus,Pinus pinaster,0,0,19.7538425,55.8343384615385,3.35753899415492,0.44302767997764
29352055,Spain,2935000,2055000,PPIR,1,Pinaceae,Pinus,Pinus pinaster,0,0,19.7538425,55.8343384615385,3.35753899415492,0.44302767997764
29352065,Spain,2935000,2065000,PPIR,1,Pinaceae,Pinus,Pinus pinaster,0,0,19.7538425,55.8343384615385,3.35753899415492,0.44302767997764
29352075,Spain,2935000,2075000,PPIR,1,Pinaceae,Pinus,Pinus pinaster,0,0,19.7538425,55.8343384615385,3.35753899415492,0.44302767997764
29352085,Spain,2935000,2085000,PPIR,1,Pinaceae,Pinus,Pinus pinaster,0,0,19.7538425,55.8343384615385,3.35753899415492,0.44302767997764
29352105,Spain,2935000,2105000,PPIR,1,Pinaceae,Pinus,Pinus pinaster,0,0,19.7538425,55.8343384615385,3.35753899415492,0.44302767997764
29352165,Spain,2935000,2165000,JOXY,1,Cupressaceae,Juniperus,Juniperus oxycedrus,0,0,5.80013333333333,59.2821428571429,5.90415540009894,0.279608734499912
29352175,Portugal,2935000,2175000,JOXY,1,Cupressaceae,Juniperus,Juniperus oxycedrus,0,0,5.80013333333333,59.2821428571429,5.90415540009894,0.279608734499912
29352185,Portugal,2935000,2185000,JOXY,1,Cupressaceae,Juniperus,Juniperus oxycedrus,0,0,5.80013333333333,59.2821428571429,5.90415540009894,0.279608734499912
29352195,Portugal,2935000,2195000,JOXY,1,Cupressaceae,Juniperus,Juniperus oxycedrus,0,0,5.80013333333333,59.2821428571429,5.90415540009894,0.279608734499912
29352205,Portugal,2935000,2205000,PPIR,1,Pinaceae,Pinus,Pinus pinaster,0,0,19.7538425,55.8343384615385,3.35753899415492,0.44302767997764
29352235,Portugal,2935000,2235000,JOXY,1,Cupressaceae,Juniperus,Juniperus oxycedrus,0,0,5.80013333333333,59.2821428571429,5.90415540009894,0.279608734499912
29352235,Portugal,2935000,2235000,TBAC,1,Taxaceae,Taxus,Taxus baccata,0,0,16.2798181818182,53.7944269878574,10.6,0.603691228532326
29352255,Spain,2935000,2255000,TBAC,1,Taxaceae,Taxus,Taxus baccata,0,0,16.2798181818182,53.7944269878574,10.6,0.603691228532326
29352275,Spain,2935000,2275000,TBAC,1,Taxaceae,Taxus,Taxus baccata,0,0,16.2798181818182,53.7944269878574,10.6,0.603691228532326
29352285,Spain,2935000,2285000,JCOM,1,Cupressaceae,Juniperus,Juniperus communis,0,0,6.89471111111111,14.5568754256278,6.87788947666667,0.580550349059571
